V1,V2,V3,V4,V5,V6,V7,V8,V9,V10,V11,V12,V13,V14,V15,V16,V17,V18,V19,V20,V21,V22,V23,V24,V25
1,1,18,4,2,1049,1,2,4,2,1,4,2,21,3,1,1,3,1,1,1,329,625,192,0
1,1,9,4,0,2799,1,3,2,3,1,2,1,36,3,1,2,3,2,1,1,308,962,726,1
1,2,12,2,9,841,2,4,2,2,1,4,1,23,3,1,1,2,1,1,1,968,642,147,1
1,1,12,4,0,2122,1,3,3,3,1,2,1,39,3,1,2,2,2,1,2,342,680,405,0
1,1,12,4,0,2171,1,3,4,3,1,4,2,38,1,2,2,2,1,1,2,833,306,188,1
1,1,10,4,0,2241,1,2,1,3,1,3,1,48,3,1,2,2,2,1,2,510,756,38,1
1,1,8,4,0,3398,1,4,1,3,1,4,1,39,3,2,2,2,1,1,2,765,475,532,1
1,1,6,4,0,1361,1,2,2,3,1,4,1,40,3,2,1,2,2,1,2,224,93,995,1
1,4,18,4,3,1098,1,1,4,2,1,4,3,65,3,2,2,1,1,1,1,949,400,728,1
1,2,24,2,3,3758,3,1,1,2,1,4,4,23,3,1,1,1,1,1,1,272,629,460,0
1,1,11,4,0,3905,1,3,2,3,1,2,1,36,3,1,2,3,2,1,1,137,258,737,1
1,1,30,4,1,6187,2,4,1,4,1,4,3,24,3,1,2,3,1,1,1,385,302,286,1
1,1,6,4,3,1957,1,4,1,2,1,4,3,31,3,2,1,3,1,1,1,893,876,69,0
1,2,48,3,10,7582,2,1,2,3,1,4,4,31,3,2,1,4,1,2,1,98,298,100,1
1,1,18,2,3,1936,5,4,2,4,1,4,3,23,3,1,2,2,1,1,1,389,338,577,1
1,1,6,2,3,2647,3,3,2,3,1,3,1,44,3,1,1,3,2,1,1,319,509,877,0
1,1,11,4,0,3939,1,3,1,3,1,2,1,40,3,2,2,2,2,1,1,712,135,45,0
1,2,18,2,3,3213,3,2,1,4,1,3,1,25,3,1,1,3,1,1,1,440,819,351,0
1,2,36,4,3,2337,1,5,4,3,1,4,1,36,3,2,1,3,1,1,1,162,853,508,1
1,4,11,4,0,7228,1,3,1,3,1,4,2,39,3,2,2,2,1,1,1,433,760,504,1
1,1,6,4,0,3676,1,3,1,3,1,3,1,37,3,1,3,3,2,1,1,629,444,52,0
1,2,12,4,0,3124,1,2,1,3,1,3,1,49,1,2,2,2,2,1,1,793,746,243,1
0,2,36,2,5,2384,1,2,4,3,1,1,4,33,3,1,1,2,1,1,1,553,94,138,0
1,2,12,4,4,1424,1,4,4,3,1,3,2,26,3,2,1,3,1,1,1,953,400,532,0
1,1,6,4,0,4716,5,2,1,3,1,3,1,44,3,2,2,2,2,1,1,114,318,872,0
1,2,11,3,3,4771,1,4,2,3,1,4,2,51,3,2,1,3,1,1,1,625,239,120,1
1,1,12,2,2,652,1,5,4,2,1,4,2,24,3,1,1,3,1,1,1,315,1,264,0
1,2,9,4,3,1154,1,5,2,3,1,4,1,37,3,2,3,2,1,1,1,130,522,17,1
1,4,15,2,0,3556,5,3,3,3,1,2,4,29,3,2,1,3,1,1,1,713,831,456,1
1,3,42,4,1,4796,1,5,4,3,1,4,4,56,3,3,1,3,1,1,1,597,95,641,1
1,3,30,4,3,3017,1,5,4,3,1,4,2,47,3,2,1,3,1,1,1,294,0,8,1
1,4,36,4,0,3535,1,4,4,3,1,4,3,37,3,2,2,3,1,2,1,772,839,614,0
1,4,36,4,0,6614,1,5,4,3,1,4,3,34,3,2,2,4,1,2,1,244,230,876,0
1,4,24,2,3,1376,3,4,4,2,1,1,3,28,3,2,1,3,1,1,1,261,975,617,1
1,1,15,2,0,1721,1,2,2,3,1,3,1,36,3,2,1,3,1,1,1,508,447,479,1
1,1,6,4,0,860,1,5,1,2,1,4,4,39,3,2,2,3,1,2,1,201,79,17,1
1,4,12,4,0,1495,1,5,4,3,1,1,1,38,3,2,2,2,2,1,1,315,407,126,1
1,4,12,4,3,1934,1,5,2,3,1,2,4,26,3,2,2,3,1,1,1,439,353,153,0
1,4,18,2,1,3378,5,3,2,3,1,1,2,31,3,2,1,3,1,2,1,668,786,719,1
1,4,24,4,1,3868,1,5,4,2,1,2,3,41,3,1,2,4,1,2,1,407,260,528,1
1,4,12,4,5,996,5,4,4,2,1,4,1,23,3,2,2,3,1,1,1,994,750,717,1
1,1,24,2,10,1755,1,5,4,2,3,4,1,58,3,2,1,2,1,2,1,903,384,281,1
1,4,18,4,0,1028,1,3,4,2,1,3,1,36,3,2,2,3,1,1,1,440,201,131,0
1,2,24,4,9,2825,5,4,4,3,1,3,4,34,3,2,2,3,2,2,1,641,78,968,1
1,2,18,2,6,1239,5,3,4,3,1,4,4,61,3,3,1,3,1,1,1,231,308,358,1
0,1,18,2,0,1216,1,2,4,2,1,3,3,23,3,1,1,3,1,2,1,114,451,753,1
1,4,24,2,9,1258,1,4,4,3,1,1,1,25,3,2,1,3,1,2,1,808,556,408,1
0,4,18,4,6,1864,2,3,4,2,1,2,1,30,3,2,2,3,1,1,1,736,404,758,0
1,4,24,2,0,1474,2,2,4,4,1,3,1,33,3,2,1,3,1,2,1,517,23,936,0
1,1,24,4,9,1382,2,4,4,3,1,1,1,26,3,2,2,3,1,2,1,546,769,31,0
1,4,12,2,0,640,1,3,4,1,1,2,1,49,3,2,1,2,1,1,1,571,367,954,0
1,3,36,2,3,3919,1,3,2,3,1,2,1,23,3,2,1,3,1,2,1,884,740,117,0
1,4,9,4,0,1224,1,3,3,3,1,1,1,30,3,2,2,3,1,1,1,469,814,626,0
1,4,12,4,3,2331,5,5,1,3,2,4,1,49,3,2,1,3,1,2,1,348,343,84,1
1,4,24,2,1,6313,5,5,3,3,1,4,3,41,3,2,1,4,2,2,1,331,150,238,0
1,1,12,4,3,385,1,4,4,2,1,3,1,58,3,2,4,2,1,2,1,94,7,305,1
1,4,12,4,3,1655,1,5,2,3,1,4,1,63,3,2,2,2,1,2,1,787,332,780,1
1,1,15,2,3,1053,1,2,4,4,1,2,1,27,3,2,1,3,1,1,2,155,584,233,0
1,4,21,2,3,3160,5,5,4,3,1,3,2,41,3,2,1,3,1,2,1,332,414,564,0
1,4,36,2,0,3079,5,3,4,3,1,4,1,36,3,2,1,3,1,1,1,790,618,318,1
1,4,12,4,0,1163,3,3,4,3,1,4,1,44,3,2,1,3,1,2,1,365,643,258,1
1,4,24,2,1,2679,1,2,4,2,1,1,4,29,3,2,1,4,1,2,1,956,949,28,1
1,4,48,4,3,3578,5,5,4,3,1,1,1,47,3,2,1,3,1,2,1,96,164,510,0
1,4,36,3,0,10875,1,5,2,3,1,2,3,45,3,2,2,3,2,2,1,39,891,603,0
1,1,12,3,0,1344,1,3,4,3,1,2,1,43,3,2,2,2,2,1,1,377,191,662,1
1,4,6,4,3,1237,2,3,1,2,1,1,2,27,3,2,2,3,1,1,1,638,149,975,1
1,4,12,2,3,3077,1,3,2,3,1,4,3,52,3,2,1,3,1,2,1,415,205,410,1
1,4,24,2,3,2284,1,4,4,3,1,2,3,28,3,2,1,3,1,2,1,405,221,654,0
1,2,12,2,3,1567,1,3,1,2,1,1,3,22,3,2,1,3,1,2,1,413,547,221,1
1,4,24,3,0,2032,1,5,4,3,1,4,4,60,3,3,2,3,1,2,1,561,711,8,1
1,2,21,4,2,2745,4,4,3,3,1,2,3,32,3,2,2,3,1,2,1,350,41,259,1
1,4,30,2,3,1867,5,5,4,3,1,4,3,58,3,2,1,3,1,2,1,258,374,451,0
1,4,36,2,3,2299,3,5,4,3,1,4,3,39,3,2,1,3,1,1,1,793,242,0,1
1,4,24,2,2,929,5,4,4,3,1,2,3,31,2,2,1,3,1,2,1,55,627,978,0
1,3,12,2,3,3399,5,5,2,3,1,3,3,37,3,2,1,4,1,1,1,403,187,742,1
1,2,9,2,2,2030,5,4,2,3,1,1,3,24,3,2,1,3,1,2,1,406,697,392,0
1,4,21,4,1,3275,1,5,1,3,1,4,3,36,3,2,1,4,1,2,1,425,33,309,1
1,4,24,4,0,1940,4,5,4,3,1,4,1,60,3,2,1,3,1,2,1,846,801,502,0
1,1,21,4,0,1602,1,5,4,4,1,3,3,30,3,2,2,3,1,2,1,658,307,941,1
1,4,15,2,3,1979,5,5,4,3,1,2,3,35,3,2,1,3,1,1,1,154,574,171,0
1,4,24,4,0,2022,1,3,4,2,1,4,3,37,3,2,1,3,1,2,1,521,794,694,0
1,4,36,4,3,3342,5,5,4,3,1,2,3,51,3,2,1,3,1,2,1,837,455,171,1
1,2,18,2,0,5866,2,3,2,3,1,2,3,30,3,2,2,3,1,2,1,293,466,104,0
1,3,15,4,1,2360,3,3,2,3,1,2,3,36,3,2,1,3,1,2,1,10,909,582,0
1,4,15,4,2,1520,5,5,4,3,1,4,2,63,3,2,1,3,1,1,1,928,841,878,1
1,1,12,2,0,3651,4,3,1,3,1,3,2,31,3,2,1,3,2,1,1,144,848,617,0
1,4,24,4,1,2346,1,4,4,3,1,3,3,35,3,2,2,3,1,2,1,684,690,787,0
1,4,36,3,3,4454,1,3,4,2,1,4,1,34,3,2,2,3,1,1,1,234,754,678,1
1,1,6,4,0,666,4,4,3,2,1,4,1,39,3,2,2,2,1,2,1,511,516,449,1
1,2,24,3,0,1965,5,3,4,2,1,4,3,42,3,1,2,3,1,2,1,457,140,971,0
1,2,12,4,0,1995,2,2,4,3,1,1,3,27,3,2,1,3,1,1,1,825,108,693,0
1,2,30,2,3,2991,5,5,2,2,1,4,3,25,3,2,1,3,1,1,1,399,605,24,1
1,2,30,0,9,4221,1,3,2,2,1,1,3,28,3,2,2,3,1,1,1,658,487,884,0
1,1,9,2,3,1364,1,4,3,3,1,4,1,59,3,2,1,3,1,1,1,133,794,78,1
1,2,18,4,2,6361,1,5,2,3,1,1,4,41,3,2,1,3,1,2,1,733,807,54,0
1,4,27,4,2,4526,4,2,4,3,1,2,1,32,2,2,2,2,2,2,1,186,730,503,0
1,2,12,4,3,3573,1,3,1,2,1,1,1,23,3,2,1,2,1,1,1,393,522,244,0
0,2,36,3,9,4455,1,3,2,1,1,2,1,30,2,2,2,4,1,2,1,79,876,75,0
1,1,9,2,2,2136,1,3,3,3,1,2,1,25,3,2,1,3,1,1,1,542,161,939,1
1,2,42,4,9,5954,1,4,2,2,1,1,1,41,1,2,2,2,1,1,1,388,494,848,0
1,4,24,4,2,3777,4,3,4,3,1,4,1,40,3,2,1,3,1,2,1,127,590,836,0
1,1,15,2,9,806,1,3,4,2,1,4,2,22,3,2,1,2,1,1,1,449,352,840,1
1,2,24,3,9,4712,5,3,4,3,1,2,2,34,1,2,2,4,1,2,1,550,223,689,1
1,2,36,3,0,7432,1,3,2,2,1,2,2,54,3,1,1,3,1,1,1,758,416,966,0
1,4,24,4,3,1851,1,4,4,4,3,2,3,33,3,2,2,3,1,2,1,600,535,237,0
1,4,24,2,0,1393,1,3,2,3,3,2,1,31,3,2,1,3,1,2,1,295,512,39,0
1,4,12,4,9,1412,1,3,4,2,3,2,1,29,3,2,2,4,1,2,1,237,891,890,1
1,4,18,2,3,1473,1,2,3,4,1,4,1,39,3,2,1,3,1,2,1,281,225,870,0
1,4,24,2,3,1533,1,2,4,2,1,3,3,38,2,2,1,3,1,2,1,180,758,962,0
1,4,12,4,6,2012,5,4,4,2,1,2,3,61,3,2,1,3,1,1,1,142,270,996,1
0,1,15,2,0,3959,1,3,3,2,1,2,2,29,3,2,1,3,1,2,1,636,615,670,1
1,1,6,2,2,428,1,5,2,2,1,1,2,49,1,2,1,3,1,2,1,185,66,63,1
1,2,12,4,0,2366,3,4,3,1,1,3,3,36,3,2,1,4,1,2,1,935,84,180,0
1,4,12,2,2,763,1,3,4,2,1,1,1,26,3,2,1,3,1,2,1,468,148,862,1
1,2,21,2,2,3976,5,4,2,3,1,3,3,35,3,2,1,3,1,2,1,22,207,191,1
1,2,18,2,0,6260,1,4,3,3,1,3,1,28,3,1,1,2,1,1,1,829,546,172,0
1,2,9,4,2,1919,1,4,4,3,1,3,3,35,3,1,1,3,1,2,1,491,543,122,1
1,4,24,2,1,2603,4,3,2,2,1,4,3,28,3,1,1,3,1,2,1,109,559,261,1
1,4,9,4,6,936,3,5,4,3,1,2,3,52,3,2,2,3,1,2,1,597,874,797,1
1,4,24,2,2,3062,3,5,4,3,1,3,4,32,3,1,1,3,1,2,1,253,383,164,1
1,2,36,2,3,4795,1,2,4,2,1,1,4,30,3,2,1,4,1,2,1,111,984,414,0
1,4,36,4,1,5842,1,5,2,3,1,2,2,35,3,2,2,3,2,2,1,186,251,710,0
1,2,6,2,3,2063,1,2,4,4,1,3,3,30,3,1,1,4,1,2,1,786,446,330,0
1,4,15,4,3,1459,1,3,4,2,1,2,3,43,3,2,1,2,1,1,1,569,928,888,0
1,4,15,2,3,1213,3,5,4,3,1,3,2,47,2,2,1,3,1,2,1,66,19,884,0
1,4,24,4,3,5103,1,2,3,4,1,3,4,47,3,3,3,3,1,2,1,596,304,594,0
1,4,15,2,4,874,5,2,4,2,1,1,1,24,3,2,1,3,1,1,1,391,382,16,1
1,4,6,2,2,2978,3,3,1,3,1,2,3,32,3,2,1,3,1,2,1,794,507,555,0
1,4,18,2,0,1820,1,3,2,4,1,2,2,30,3,2,1,4,1,2,1,738,711,730,1
1,4,24,4,3,2872,2,5,3,3,1,4,1,36,3,2,1,3,2,2,1,163,823,493,0
1,3,24,2,2,1925,1,3,2,3,1,2,1,26,3,2,1,3,1,1,1,351,667,716,1
1,4,18,2,2,2515,1,3,3,3,1,4,1,43,3,2,1,3,1,2,1,70,520,818,1
1,3,6,2,2,2116,1,3,2,3,1,2,1,41,3,2,1,3,1,2,1,804,326,938,0
1,4,18,2,3,1453,1,2,3,2,1,1,1,26,3,2,1,3,1,1,1,995,848,750,0
1,4,10,2,0,1364,1,3,2,2,1,4,3,64,3,2,1,3,1,2,1,84,7,868,1
1,4,6,2,2,1543,4,3,4,1,1,2,1,33,3,2,1,3,1,1,1,392,341,128,1
1,2,12,2,0,1318,4,5,4,3,1,4,1,54,3,2,1,3,1,2,1,613,108,714,0
1,1,24,1,0,2325,2,4,2,3,1,3,3,32,1,2,1,3,1,1,1,527,550,594,0
1,2,6,4,8,932,5,4,1,2,1,3,2,39,3,2,2,2,1,1,1,287,233,141,0
1,3,24,4,3,3148,5,3,3,3,1,2,3,31,3,2,2,3,1,2,1,721,538,423,1
1,4,36,2,3,3835,5,5,2,2,1,4,1,45,3,2,1,2,1,2,1,865,429,862,0
1,4,9,2,6,3832,5,5,1,3,1,4,1,64,3,2,1,2,1,1,1,478,859,493,0
1,2,24,2,3,5084,5,5,2,2,1,4,3,42,3,2,1,3,1,2,1,574,668,189,1
1,4,9,4,2,2406,1,1,2,3,1,3,3,31,3,2,1,4,1,1,1,542,173,578,1
1,4,36,2,3,2394,5,3,4,2,1,4,3,25,3,2,1,3,1,1,1,322,119,678,0
1,4,21,2,1,2476,5,5,4,3,1,4,1,46,3,2,1,4,1,2,1,566,103,634,0
1,1,24,2,1,2964,5,5,4,3,1,4,4,49,1,3,1,3,2,2,1,738,781,911,1
1,1,12,2,2,1262,5,5,2,1,1,4,2,49,3,2,1,2,1,2,1,297,682,859,1
1,4,12,2,9,1542,1,4,2,3,1,4,3,36,3,2,1,3,1,2,1,223,684,833,0
1,2,24,4,3,1743,1,5,4,3,1,2,2,48,3,2,2,2,1,1,1,376,947,994,1
1,3,12,1,3,409,4,3,3,2,1,3,1,42,3,1,2,3,1,1,1,982,328,964,0
1,4,12,2,3,2171,1,2,2,2,1,2,3,29,1,2,1,3,1,1,1,534,485,433,0
1,4,48,4,1,8858,5,4,2,3,1,1,4,35,3,3,2,3,1,2,1,762,71,432,1
1,2,24,2,0,3512,2,4,2,3,1,3,3,38,1,2,2,3,1,2,1,545,796,348,0
1,2,12,2,3,1158,3,3,3,1,1,1,3,26,3,2,1,3,1,2,1,807,415,932,1
1,4,24,4,3,2684,1,3,4,3,1,2,1,35,3,2,2,2,1,1,1,215,275,538,1
1,1,12,2,3,1498,1,3,4,2,1,1,3,23,1,2,1,3,1,1,1,463,446,221,0
1,4,30,4,3,5954,1,4,3,3,2,2,3,38,3,2,1,3,1,1,1,955,476,51,1
0,2,48,1,9,6416,1,5,4,2,1,3,4,59,3,1,1,3,1,1,1,291,605,288,0
1,2,12,4,2,3617,1,5,1,3,1,4,3,28,3,1,3,3,1,2,1,350,634,898,0
1,4,12,4,3,1291,1,3,4,2,1,2,2,35,3,2,2,3,1,1,1,375,502,269,1
1,3,24,4,9,1275,4,3,2,1,1,4,1,36,3,2,2,3,1,2,1,575,992,764,1
1,4,24,2,2,3972,1,4,2,2,1,4,2,25,3,1,1,3,1,2,1,316,143,411,0
1,4,15,4,2,3343,1,3,4,3,1,2,4,28,3,3,1,3,1,2,1,936,978,390,1
1,3,15,2,6,392,1,2,4,2,1,4,2,23,3,1,1,3,1,2,1,531,594,1000,1
1,4,9,4,0,2134,1,3,4,3,1,4,3,48,3,2,3,3,1,2,1,509,186,829,1
1,4,30,4,3,5771,1,4,4,2,1,2,3,25,3,2,2,3,1,1,1,208,826,298,1
1,4,24,4,9,4526,1,3,3,3,1,2,1,74,3,2,1,4,1,2,1,434,480,304,1
1,4,15,4,2,2788,1,4,2,2,2,3,3,24,1,2,2,3,1,1,1,840,624,937,0
1,4,6,4,3,1382,1,3,1,2,1,1,3,28,3,2,2,3,1,2,1,252,153,245,0
1,3,36,2,3,5848,1,3,4,3,1,1,3,24,3,2,1,3,1,1,1,453,578,977,0
0,1,12,2,0,1228,1,3,4,2,1,2,1,24,3,2,1,2,1,1,1,769,207,803,1
1,3,12,2,3,1297,1,3,3,4,1,4,1,23,3,1,1,3,1,1,1,273,699,861,0
1,4,24,2,3,1552,1,4,3,3,1,1,3,32,1,2,1,3,2,1,1,300,715,198,0
1,4,12,2,3,1963,1,4,4,3,1,2,3,31,3,1,2,4,2,2,1,44,945,81,0
1,4,24,2,3,3235,3,5,3,1,1,2,3,36,3,2,1,4,1,2,1,646,383,509,1
1,4,24,4,9,4139,2,3,3,3,1,3,2,27,3,2,2,2,1,2,1,698,216,818,1
1,2,12,4,1,1804,2,2,3,3,1,4,2,44,3,2,1,3,1,1,1,995,742,604,1
1,4,18,2,9,1950,1,4,4,3,1,1,3,34,2,2,2,3,1,2,1,559,815,661,0
1,4,48,3,3,12749,3,4,4,3,1,1,3,37,3,2,1,4,1,2,1,65,835,394,0
1,4,9,2,4,1236,1,2,1,2,1,4,1,23,3,1,1,3,1,2,1,983,663,200,0
1,4,18,4,0,1055,1,2,4,2,1,1,2,30,3,2,2,3,1,1,1,101,837,18,0
1,1,30,0,9,8072,5,2,2,3,1,3,3,25,1,2,3,3,1,1,1,319,158,499,1
1,4,30,4,3,2831,1,3,4,2,1,2,3,33,3,2,1,3,1,2,1,969,763,58,0
1,4,9,2,9,1449,1,4,3,2,1,2,3,27,3,2,2,3,1,1,1,283,225,805,1
1,4,36,2,9,5742,2,4,2,3,1,2,3,31,3,2,2,3,1,2,1,866,826,568,0
1,4,12,2,0,2390,5,5,4,3,1,3,3,50,3,2,1,3,1,2,1,708,878,40,1
1,4,24,2,3,3430,3,5,3,3,1,2,3,31,3,2,1,3,2,2,1,614,558,575,0
1,2,36,2,6,2273,1,4,3,3,1,1,3,32,3,2,2,3,2,1,1,322,89,953,1
1,3,21,2,0,2923,2,3,1,2,1,1,3,28,1,2,1,4,1,2,1,616,84,905,0
1,4,24,2,3,1901,2,3,4,3,1,4,3,29,3,1,1,4,1,2,1,760,328,698,1
1,2,36,2,6,3711,5,3,2,4,1,2,3,27,3,2,1,3,1,1,1,938,411,421,0
1,2,48,2,0,8487,5,4,1,2,1,2,3,24,3,2,1,3,1,1,1,340,910,767,0
1,4,24,2,0,2255,5,2,4,3,1,1,2,54,3,2,1,3,1,1,1,76,276,450,0
1,4,12,2,3,1262,1,3,3,3,1,2,3,25,3,2,1,3,1,1,1,646,754,391,0
1,4,33,4,1,7253,1,4,3,3,1,2,3,35,3,2,2,4,1,2,1,250,241,221,0
1,4,6,4,0,6761,1,4,1,3,1,3,4,45,3,2,2,4,2,2,1,122,991,980,0
1,4,18,4,2,1817,1,3,4,2,1,2,4,28,3,2,2,3,1,1,1,52,389,32,0
1,4,12,2,3,2141,2,4,3,3,1,1,4,35,3,2,1,3,1,1,1,998,95,335,1
1,4,48,1,9,3609,1,3,1,2,1,1,1,27,2,2,1,3,1,1,1,615,690,79,1
1,4,30,2,3,2333,3,5,4,3,1,2,3,30,1,2,1,4,1,1,1,112,432,765,0
1,4,28,1,1,7824,5,2,3,3,3,4,1,40,1,1,2,3,2,2,1,304,361,9,0
1,3,18,1,3,1445,5,4,4,3,1,4,3,49,1,2,1,2,1,1,1,554,734,44,0
1,1,24,2,2,7721,5,2,1,2,1,2,2,30,3,2,1,3,1,2,2,604,930,369,0
1,1,21,2,0,3763,5,4,2,3,2,2,1,24,3,2,1,2,1,1,2,911,312,566,0
1,2,18,2,9,4439,1,5,1,3,2,1,1,33,1,2,1,4,1,2,1,691,375,904,1
1,1,12,2,3,1107,1,3,2,3,1,2,1,20,3,1,1,4,2,2,1,718,517,956,1
1,2,15,2,3,1444,5,2,4,3,1,1,2,23,3,2,1,3,1,1,1,942,126,237,1
1,2,48,1,0,12169,5,1,4,3,2,4,4,36,3,3,1,4,1,2,1,542,824,884,0
1,4,9,2,3,2753,2,5,3,3,2,4,3,35,3,2,1,3,1,2,1,691,594,889,1
1,3,4,2,0,1494,5,2,1,3,1,2,1,29,3,2,1,2,2,1,2,493,825,296,1
1,1,24,1,2,2828,3,3,4,3,1,4,1,22,2,2,1,3,1,2,1,431,643,176,0
1,1,24,1,2,2483,3,3,4,3,1,4,1,22,2,2,1,3,1,2,1,998,257,659,0
1,3,6,4,0,1299,1,3,1,3,1,1,1,74,3,2,3,1,2,1,2,472,506,384,1
1,2,9,2,0,1549,5,2,4,3,1,2,1,35,3,2,1,1,1,1,1,916,775,542,1
1,3,10,2,0,3949,1,2,1,3,3,1,2,37,3,2,1,2,2,1,1,249,372,336,1
1,4,10,2,1,2901,5,2,1,2,1,4,1,31,3,1,1,3,1,1,1,90,987,486,1
1,3,6,2,0,709,4,2,2,4,1,2,1,27,3,2,1,1,1,1,2,256,51,638,1
1,1,47,2,0,10722,1,2,1,2,1,1,1,35,3,2,1,2,1,2,1,835,307,799,0
1,4,10,2,0,1287,5,5,4,3,2,2,2,45,3,2,1,2,1,1,2,630,313,60,0
1,1,18,1,3,1940,1,2,3,3,2,4,4,36,1,3,1,4,1,2,1,202,910,573,1
1,3,30,4,3,3656,5,5,4,3,1,4,2,49,2,2,2,2,1,1,1,128,981,710,0
1,4,24,3,1,4679,1,4,3,3,1,3,3,35,3,2,2,2,1,2,1,567,52,897,1
1,4,27,3,1,8613,4,3,2,3,1,2,3,27,3,2,2,3,1,1,1,348,282,722,0
1,1,18,2,2,2659,4,3,4,3,1,2,3,28,3,2,1,3,1,1,1,727,73,47,1
1,4,24,4,3,1516,4,3,4,2,1,1,1,43,3,2,2,2,1,1,1,508,723,700,1
1,1,18,2,0,4380,2,3,3,3,1,4,3,35,3,2,1,2,2,2,1,665,819,990,1
1,4,14,3,0,802,1,3,4,3,1,2,3,27,3,2,2,2,1,1,1,281,550,109,0
1,4,21,2,9,1572,4,5,4,2,1,4,1,36,1,2,1,2,1,1,1,509,786,158,0
1,2,48,1,9,3566,2,4,4,3,1,2,3,30,3,2,1,3,1,1,1,671,906,439,0
1,4,24,2,3,1278,1,5,4,3,1,1,1,36,3,2,1,4,1,2,1,892,753,728,0
1,4,6,0,3,426,1,5,4,4,1,4,3,39,3,2,1,2,1,1,1,868,254,440,0
1,4,39,2,1,8588,2,5,4,3,1,2,3,45,3,2,1,4,1,2,1,82,549,564,0
1,1,30,2,1,3857,1,3,4,1,1,4,2,40,3,2,1,4,1,2,1,84,323,717,0
0,2,12,2,0,685,1,4,2,4,1,3,3,25,1,2,1,2,1,1,1,856,699,28,0
1,1,24,2,3,1603,1,5,4,2,1,4,3,55,3,2,1,3,1,1,1,6,204,535,0
1,4,21,2,2,2241,1,5,4,3,1,2,1,50,3,2,2,3,1,1,1,264,243,617,0
1,1,24,2,3,2384,1,5,4,3,1,4,1,64,1,1,1,2,1,1,1,502,12,544,0
1,4,4,2,2,601,1,2,1,2,1,3,1,23,3,1,1,2,2,1,1,479,168,923,1
1,4,39,2,1,2569,3,3,4,3,1,4,3,24,3,2,1,3,1,1,1,861,669,798,1
1,4,15,4,3,1316,3,3,2,4,1,2,2,47,3,2,2,2,1,1,1,810,87,777,1
1,4,60,2,0,10366,1,5,2,3,1,4,2,42,3,2,1,4,1,2,1,599,161,376,1
1,4,18,2,9,1568,2,3,3,2,1,4,2,24,3,1,1,2,1,1,1,527,507,187,0
1,4,18,4,3,629,3,5,4,3,1,3,2,32,1,2,2,4,1,2,1,770,413,870,1
1,4,6,1,3,1750,3,5,2,3,1,4,2,45,1,2,1,2,2,1,1,307,112,317,1
1,4,24,2,1,3488,2,4,3,2,1,4,3,23,3,2,1,3,1,1,1,246,556,694,0
1,4,18,4,3,1800,1,3,4,3,1,2,3,24,3,2,2,3,1,1,1,433,55,794,0
1,4,24,3,2,4151,2,3,2,3,1,3,2,35,3,2,2,3,1,1,1,140,674,828,0
1,2,15,2,5,2631,2,3,3,2,1,2,1,25,3,2,1,2,1,1,1,414,961,49,0
1,4,21,2,1,5248,5,3,1,3,1,3,3,26,3,2,1,3,1,1,1,370,510,389,0
1,2,18,3,0,2899,5,5,4,3,1,4,3,43,3,2,1,3,2,1,1,447,797,548,1
1,2,18,3,5,6204,1,3,2,3,1,4,1,44,3,2,1,2,2,2,1,407,266,301,1
1,4,12,2,3,804,1,5,4,3,1,4,3,38,3,2,1,3,1,1,1,171,417,83,1
1,4,36,2,3,3595,1,5,4,3,1,2,3,28,3,2,1,3,1,1,1,281,600,814,0
1,4,36,4,1,5711,4,5,4,3,1,2,3,38,3,2,2,4,1,2,1,361,535,394,1
1,3,15,2,9,2687,1,4,2,3,1,4,2,26,3,1,1,3,1,2,1,491,872,253,1
1,1,15,3,2,3643,1,5,1,2,1,4,2,27,3,2,2,2,1,1,1,820,391,644,1
1,4,10,4,2,2146,1,2,1,2,1,3,1,23,3,1,2,3,1,1,1,474,175,132,1
1,1,10,2,3,2315,1,5,3,3,1,4,1,52,3,2,1,2,1,1,1,570,279,866,0
1,4,5,2,9,3448,1,4,1,3,1,4,1,74,3,2,1,2,1,1,1,217,250,757,1
1,4,15,2,2,2708,1,2,2,3,1,3,2,27,1,2,2,2,1,1,1,933,646,381,0
1,4,11,4,0,1393,1,2,4,2,1,4,3,35,3,2,2,4,1,1,1,819,354,146,0
1,3,10,2,2,1275,1,2,4,2,1,2,2,23,3,2,1,3,1,1,1,590,991,794,1
1,4,9,2,2,1313,1,5,1,3,1,4,3,20,3,2,1,3,1,1,1,596,767,842,0
1,4,12,2,3,1493,1,2,4,2,1,3,3,34,3,2,1,3,2,1,1,785,414,994,1
1,4,22,2,3,2675,3,5,3,3,1,4,3,40,3,2,1,3,1,1,1,506,859,94,1
1,2,9,2,3,2118,1,3,2,3,1,2,1,37,3,2,1,2,2,1,1,534,756,840,0
1,4,36,2,0,909,3,5,4,3,1,4,2,36,3,2,1,3,1,1,1,669,180,126,1
1,4,12,4,2,1258,1,2,2,2,1,4,2,22,3,1,2,2,1,1,1,344,856,560,1
1,4,15,1,3,1569,2,5,4,3,1,4,3,34,1,2,1,2,2,1,1,359,749,673,1
1,4,6,2,1,1236,3,3,2,3,1,4,2,50,3,1,1,3,1,1,1,651,851,317,0
1,4,36,3,2,7678,3,4,2,2,1,4,3,40,3,2,2,3,1,2,1,239,62,863,0
1,4,6,2,5,660,3,4,2,4,1,4,1,23,3,1,1,2,1,1,1,76,815,61,0
1,4,24,2,2,2835,3,5,3,3,1,4,2,53,3,2,1,3,1,1,1,716,243,509,0
1,4,24,2,1,2670,1,5,4,3,1,4,3,35,3,2,1,4,1,2,1,190,393,500,1
1,4,12,1,8,3447,3,3,4,2,1,3,1,35,3,2,1,2,2,1,1,898,490,726,1
1,4,15,2,3,3568,1,5,4,2,1,2,3,54,1,1,1,4,1,2,1,835,481,349,1
1,2,21,4,9,3652,1,4,2,3,1,3,2,27,3,2,2,3,1,1,1,500,148,566,0
1,1,24,2,3,3660,1,3,2,2,1,4,3,28,3,2,1,3,1,1,1,435,884,770,1
1,3,9,2,3,1126,2,5,2,1,1,4,1,49,3,2,1,3,1,1,1,478,130,659,1
1,3,6,3,3,683,1,2,2,2,1,1,2,29,1,2,1,3,1,1,1,553,413,364,0
1,3,12,2,2,2251,1,3,1,2,1,2,3,46,3,2,1,2,1,1,1,133,363,308,1
1,4,12,2,1,4675,5,2,1,2,1,4,3,20,3,1,1,3,1,1,1,355,997,667,1
1,2,21,3,0,2353,1,3,1,1,1,4,2,47,3,2,2,3,1,1,1,7,642,769,0
1,1,21,2,3,3357,4,2,4,2,1,2,3,29,1,2,1,3,1,1,1,824,637,473,0
1,4,6,2,0,672,1,1,1,2,1,4,1,54,3,2,1,1,1,2,1,880,152,791,1
1,1,6,4,3,338,3,5,4,3,1,4,3,52,3,2,2,3,1,1,1,62,945,931,0
1,4,9,2,3,2697,1,3,1,3,1,2,1,32,3,2,1,3,2,1,1,840,165,319,1
1,4,9,2,0,2507,3,5,2,3,1,4,4,51,3,3,1,2,1,1,1,453,258,683,1
1,4,15,3,3,1478,1,3,4,4,1,3,1,33,1,2,2,3,1,1,1,622,245,618,1
1,4,12,4,6,3565,5,2,2,3,1,1,2,37,3,2,2,2,2,1,1,669,105,989,0
1,4,15,2,2,2221,3,3,2,2,1,4,3,20,3,1,1,3,1,1,1,152,923,148,1
1,4,6,4,3,1898,5,3,1,3,1,2,1,34,3,2,2,2,2,1,1,974,940,416,1
1,2,6,3,9,1449,2,5,1,1,1,2,3,31,1,2,2,3,2,1,1,795,486,324,1
1,4,15,3,2,960,4,4,3,2,1,2,2,30,3,2,2,3,1,1,1,328,854,342,0
1,4,36,2,1,8133,1,3,1,2,1,2,2,30,1,2,1,3,1,1,1,344,18,551,1
1,4,9,2,2,2301,2,2,2,2,1,4,2,22,3,1,1,3,1,1,1,39,531,976,0
1,4,6,3,9,1743,2,3,1,3,1,2,1,34,3,2,2,2,1,1,1,99,738,130,0
1,2,12,2,2,983,4,2,1,2,1,4,1,19,3,1,1,2,1,1,1,350,794,571,0
1,4,18,3,3,2320,1,1,2,4,1,3,1,34,3,2,2,3,1,1,1,159,41,455,1
1,1,12,1,8,339,1,5,4,4,1,1,3,45,1,2,1,2,1,1,1,863,217,44,1
1,3,24,2,3,5152,1,4,4,3,1,2,3,25,1,2,1,3,1,1,1,10,917,743,1
1,3,24,2,2,3749,1,2,2,2,1,4,3,26,3,2,1,3,1,1,1,938,84,312,0
1,4,9,4,3,3074,5,3,1,3,1,2,1,33,3,2,2,3,2,1,1,882,683,798,0
0,3,9,2,3,745,1,3,3,2,1,2,1,28,3,2,1,2,1,1,1,804,30,718,1
1,4,24,2,0,1469,2,5,4,4,1,4,1,41,3,1,1,2,1,1,1,202,788,149,0
1,1,6,2,2,1374,1,3,1,3,1,2,1,36,1,2,1,2,1,2,1,135,965,63,0
1,4,6,1,0,783,5,3,1,3,3,2,1,26,2,2,1,2,2,1,1,818,143,925,0
1,1,21,2,3,2606,1,2,4,2,1,4,2,28,3,1,1,4,1,2,1,231,74,804,0
1,4,54,0,1,9436,5,3,2,3,1,2,2,39,3,2,1,2,2,1,1,753,283,178,0
1,4,12,4,3,930,5,5,4,3,1,4,1,65,3,2,4,3,1,1,1,216,470,831,1
1,4,48,4,1,2751,5,5,4,3,1,3,3,38,3,2,2,3,2,2,1,398,822,203,0
1,4,6,4,0,250,4,3,2,2,1,2,1,41,1,2,2,2,1,1,1,380,230,89,0
1,2,24,2,0,1201,1,2,4,3,1,1,2,26,3,2,1,3,1,1,1,140,187,596,1
1,1,6,2,0,662,1,2,3,3,1,4,1,41,3,2,1,2,2,2,1,252,493,129,1
1,4,15,2,1,1300,5,5,4,3,1,4,4,45,1,3,1,3,2,1,1,544,289,989,0
1,4,24,1,9,1559,1,4,4,3,1,4,3,40,1,2,1,3,1,2,1,419,312,374,0
1,3,12,2,3,3016,1,3,3,4,1,1,3,24,3,2,1,3,1,1,1,793,461,456,1
1,4,15,4,3,1360,1,3,4,3,1,2,2,31,3,2,2,3,1,1,1,785,670,64,0
1,4,6,0,0,1204,2,3,4,3,1,1,4,35,1,1,1,3,1,1,2,240,902,956,0
1,4,10,2,0,1597,3,3,3,3,1,2,4,40,3,1,1,2,2,1,2,704,640,420,0
1,4,12,2,3,2073,2,3,4,2,2,2,1,28,3,2,1,3,1,1,1,134,920,997,1
1,4,11,2,9,2142,4,5,1,1,1,2,1,28,3,2,1,3,1,2,1,917,812,493,1
1,1,10,4,2,2132,5,2,2,2,2,3,1,27,3,1,2,3,1,1,2,562,728,770,0
1,4,10,2,0,1546,1,3,3,3,1,2,1,31,3,2,1,2,2,1,2,895,675,850,1
1,4,24,4,0,1287,4,5,4,2,1,4,1,37,3,2,2,3,1,2,1,910,650,213,1
1,4,10,2,0,1418,2,3,3,3,1,2,1,35,3,1,1,2,1,1,2,871,220,151,1
1,3,6,4,0,1343,1,5,1,3,1,4,1,46,3,2,2,3,2,1,2,554,12,809,1
1,4,18,2,0,2662,5,4,4,3,1,3,2,32,3,2,1,3,1,1,2,449,615,392,0
1,4,18,4,3,6070,1,5,3,3,1,4,3,33,3,2,2,3,1,2,1,121,872,333,0
1,4,24,4,6,1927,5,3,3,2,1,2,3,33,3,2,2,3,1,2,1,76,44,566,0
1,4,18,4,3,2404,1,3,2,2,1,2,3,26,3,2,2,3,1,1,1,184,656,10,0
1,4,6,4,3,1554,1,4,1,2,1,2,3,24,3,1,2,3,1,2,1,219,941,62,0
1,4,22,2,0,1283,5,4,4,2,1,4,2,25,3,1,1,3,1,1,1,59,990,925,1
1,4,24,3,0,717,5,5,4,4,1,4,3,54,3,2,2,3,1,2,1,985,134,516,0
1,1,24,2,2,1747,1,2,4,3,2,1,2,24,3,2,1,2,1,1,2,565,417,48,0
1,1,9,4,5,1288,2,5,3,3,3,4,1,48,3,2,2,3,2,1,2,364,201,967,1
1,1,10,4,0,1038,1,4,4,3,2,3,2,49,3,2,2,3,1,2,1,768,935,228,1
1,4,10,2,1,2848,2,3,1,3,2,2,1,32,3,2,1,3,2,1,1,469,872,677,1
1,4,12,2,1,1413,4,4,3,3,1,2,2,55,3,2,1,3,1,1,2,620,862,24,0
1,4,30,4,3,3077,5,5,3,3,1,2,3,40,3,2,2,3,2,2,1,222,70,634,0
1,1,24,1,1,3632,1,3,1,2,3,4,3,22,1,1,1,3,1,1,2,308,203,238,1
1,4,18,4,1,3229,5,1,2,3,1,4,4,38,3,2,1,4,1,2,1,89,151,606,0
1,4,9,2,0,3577,2,3,1,3,3,2,1,26,3,1,1,3,2,1,2,166,666,623,1
1,4,12,4,0,682,2,4,4,2,1,3,3,51,3,2,2,3,1,2,1,633,828,746,0
1,4,10,2,3,1924,1,3,1,3,1,4,2,38,3,2,1,3,1,2,2,432,528,114,1
1,4,10,2,6,727,3,5,4,3,1,4,4,46,3,3,1,3,1,2,1,552,626,487,0
1,3,10,4,0,781,1,5,4,3,1,4,4,63,3,3,2,3,1,2,1,430,272,736,1
1,1,12,4,0,2121,1,3,4,3,1,2,2,30,3,2,2,3,1,1,1,35,713,957,0
1,4,12,4,6,701,1,3,4,3,1,2,3,32,3,2,2,3,1,1,1,127,978,991,1
1,4,10,4,2,2069,5,3,2,4,1,1,3,26,3,2,2,3,1,1,2,101,154,702,1
1,4,24,2,0,1525,4,4,4,2,1,3,3,34,3,2,1,3,2,2,1,595,165,566,1
1,4,48,4,9,7629,5,5,4,1,1,2,3,46,1,2,2,4,2,1,1,431,772,615,0
0,1,12,4,0,3499,1,3,3,2,2,2,1,29,3,2,2,3,1,1,1,777,442,922,0
1,4,6,2,3,1346,2,5,2,3,1,4,4,42,1,3,1,3,2,2,1,998,313,609,1
1,4,36,4,1,10477,5,5,2,3,1,4,4,42,3,3,2,3,1,1,1,255,690,4,0
1,1,24,2,1,2924,1,3,3,3,3,4,4,63,1,2,1,3,2,2,1,572,376,457,1
1,4,10,4,0,1231,1,5,3,3,1,4,1,32,3,2,2,2,2,1,2,630,653,353,0
1,3,18,2,0,1961,1,5,3,2,1,2,3,23,3,2,1,4,1,1,1,93,824,903,1
1,4,15,4,0,5045,5,5,1,2,1,4,3,59,3,2,1,3,1,2,1,334,693,977,1
1,4,12,4,0,1255,1,5,4,3,1,4,1,61,3,2,2,2,1,1,1,14,469,766,0
1,1,12,2,2,1858,1,2,4,2,1,1,3,22,3,1,1,3,1,1,1,763,382,349,1
1,4,6,4,2,1221,5,3,1,4,1,2,2,27,3,2,2,3,1,1,1,883,243,685,0
1,4,9,2,2,1388,1,3,4,2,1,2,1,26,3,1,1,3,1,1,1,434,816,707,0
1,4,12,2,3,2279,5,3,4,3,1,4,4,37,3,3,1,3,1,2,1,846,349,705,0
1,4,12,0,2,2759,1,5,2,3,1,4,2,34,3,2,2,3,1,1,1,444,571,946,1
1,3,24,2,3,1258,3,3,3,2,1,3,3,57,3,2,1,2,1,1,1,102,699,569,1
1,2,12,0,8,1410,1,3,2,3,1,2,1,31,3,2,1,2,1,2,1,905,467,66,0
1,1,15,2,0,1403,1,3,2,2,1,4,3,28,3,1,1,3,1,1,1,823,454,363,0
1,1,24,2,2,3021,1,3,2,1,1,2,1,24,3,1,1,2,1,1,1,917,478,281,0
1,1,24,2,9,6568,1,3,2,4,1,2,3,21,2,2,1,2,1,1,1,823,48,755,1
1,4,24,4,3,2578,4,5,2,3,1,2,3,34,3,2,1,3,1,1,1,869,766,432,1
1,2,24,4,1,7758,4,5,2,2,1,4,4,29,3,1,1,3,1,1,1,919,601,492,0
1,1,6,2,4,343,1,2,4,2,1,1,1,27,3,2,1,3,1,1,1,625,999,261,1
1,4,21,3,2,1591,2,4,4,3,1,3,1,34,3,2,2,4,1,1,1,660,145,780,1
1,1,27,2,3,3416,1,3,3,3,1,2,3,27,3,2,1,4,1,1,1,652,545,525,0
0,1,12,0,5,1108,1,4,4,3,1,3,1,28,3,2,2,3,1,1,1,653,192,828,1
1,2,27,3,1,5965,1,5,1,3,1,2,3,30,3,2,2,4,1,2,1,866,740,489,1
1,2,15,2,5,1514,2,3,4,3,3,2,1,22,3,2,1,3,1,1,1,69,504,117,0
1,4,30,4,3,6742,5,4,2,3,1,3,2,36,3,2,2,3,1,1,1,804,600,186,0
1,1,18,2,2,3650,1,2,1,2,1,4,3,22,3,1,1,3,1,1,1,231,51,801,0
1,1,21,2,2,3599,1,4,1,2,1,4,3,26,3,1,1,2,1,1,1,845,270,975,1
1,4,60,4,0,13756,5,5,2,3,1,4,4,63,1,3,1,4,1,2,1,197,560,537,1
1,2,9,2,0,276,1,3,4,4,1,4,1,22,3,1,1,2,1,1,1,849,612,478,1
1,4,42,4,2,4041,3,3,4,3,1,4,1,36,3,2,2,3,1,2,1,537,580,599,1
1,2,9,2,3,458,1,3,4,3,1,3,1,24,3,2,1,3,1,1,1,291,671,68,0
0,2,9,2,2,918,1,3,4,2,1,1,2,30,3,2,1,3,1,1,1,937,62,125,1
1,4,24,2,0,7393,1,3,1,3,1,4,2,43,3,2,1,2,2,1,1,13,893,187,1
1,3,10,2,4,1225,1,3,2,3,1,2,3,37,3,2,1,3,1,2,1,626,938,685,1
1,1,24,2,1,2812,5,5,2,2,1,4,1,26,3,1,1,3,1,1,1,830,89,760,1
1,4,15,2,1,3029,1,4,2,3,1,2,3,33,3,2,1,3,1,1,1,95,847,836,1
1,3,12,4,0,1480,3,1,2,3,1,4,4,66,1,3,3,1,1,1,1,317,592,75,0
1,3,6,4,6,1047,1,3,2,2,1,4,2,50,3,2,1,2,1,1,1,78,764,552,1
1,4,15,4,3,1471,1,3,4,3,1,4,4,35,3,3,2,3,1,2,1,435,173,200,0
1,4,24,2,2,5511,2,3,4,3,1,1,3,25,2,2,1,3,1,1,1,757,203,765,0
1,2,9,2,3,1206,1,5,4,2,1,4,1,25,3,2,1,3,1,1,1,48,549,190,1
1,2,24,3,3,6403,1,2,1,3,1,2,3,33,3,2,1,3,1,1,1,657,213,714,0
1,4,12,2,3,707,1,3,4,3,1,2,1,30,1,2,2,3,1,1,1,754,16,475,0
1,4,12,3,1,1503,1,3,4,4,1,4,1,41,3,1,1,3,1,1,1,294,995,487,1
1,2,12,2,0,6078,1,4,2,3,1,2,3,32,3,2,1,3,1,1,1,920,162,652,1
1,2,27,2,9,2528,1,2,4,2,1,1,2,32,3,2,1,3,2,2,1,517,291,704,1
1,2,12,2,9,1037,2,4,3,3,1,4,1,39,3,2,1,2,1,1,1,807,919,761,0
1,1,6,2,1,1352,3,1,1,2,1,2,2,23,3,1,1,1,1,2,1,321,132,948,0
1,4,24,2,3,3181,1,2,4,2,1,4,2,26,3,2,1,3,1,2,1,595,327,922,0
1,4,18,2,3,4594,1,2,3,3,1,2,3,32,3,2,1,3,1,2,1,721,128,51,1
1,2,48,2,10,5381,5,1,3,3,1,4,4,40,1,3,1,1,1,2,1,385,418,83,0
1,4,15,2,1,4657,1,3,3,3,1,2,3,30,3,2,1,3,1,2,1,56,198,490,0
1,2,9,2,9,1391,1,3,2,4,1,1,1,27,1,2,1,3,1,2,1,234,687,949,1
1,2,18,2,9,1913,4,2,3,4,1,3,1,36,1,2,1,3,1,2,1,906,58,55,0
1,4,42,2,3,7166,5,4,2,4,1,4,2,29,3,1,1,3,1,2,1,759,612,384,0
1,4,13,2,3,1409,2,1,2,2,1,4,1,64,3,2,1,3,1,1,1,925,621,666,1
1,4,24,3,9,2978,5,3,4,3,1,4,1,32,3,2,2,3,2,2,1,680,884,408,1
1,4,12,4,3,976,5,5,4,3,1,4,3,35,3,2,2,3,1,1,1,334,918,271,0
1,4,24,3,9,2375,3,3,4,3,1,2,3,44,3,2,2,3,2,2,1,549,405,181,0
1,4,12,4,3,522,3,5,4,3,1,4,2,42,3,2,2,3,2,2,1,759,991,827,1
1,4,28,4,3,2743,1,5,4,3,1,2,3,29,3,2,2,3,1,1,1,320,983,803,1
1,4,11,4,3,1154,2,1,4,2,1,4,1,57,3,2,3,2,1,1,1,162,608,746,1
1,4,24,4,1,5804,4,3,4,3,1,2,1,27,3,2,2,3,1,1,1,87,146,786,0
1,4,18,4,3,1169,5,3,4,3,1,3,2,29,3,2,2,3,1,2,1,698,722,551,1
1,1,15,4,2,1478,1,5,4,3,1,4,3,44,3,2,2,3,2,2,1,822,260,619,1
1,4,12,2,3,776,1,3,4,4,1,2,1,28,3,2,1,3,1,1,1,691,888,131,0
1,2,11,4,0,1322,4,3,4,2,1,4,3,40,3,2,2,3,1,1,1,829,652,17,0
1,2,16,4,0,1175,1,1,2,3,1,3,3,68,3,3,3,1,1,2,1,969,57,372,0
1,4,12,2,0,2133,5,5,4,2,1,4,4,52,3,3,1,4,1,2,1,779,238,380,1
1,4,15,4,3,1829,1,5,4,3,1,4,3,46,3,2,2,3,1,2,1,854,126,480,1
1,4,12,4,3,717,1,5,4,3,1,4,1,52,3,2,3,3,1,1,1,728,395,765,0
1,2,39,3,6,11760,2,4,2,3,1,3,4,32,3,1,1,3,1,2,1,463,193,434,0
0,2,9,4,6,1501,1,5,2,2,1,3,3,34,3,2,2,4,1,2,1,282,783,935,0
1,1,12,2,6,1200,5,3,4,2,1,4,2,23,1,1,1,3,1,2,1,73,796,992,0
1,2,9,2,0,3195,5,3,1,2,1,2,1,33,3,2,1,2,1,1,1,656,62,290,0
1,4,30,4,3,4530,1,4,4,2,1,4,3,26,3,1,1,4,1,2,1,353,860,598,1
0,4,12,3,5,1555,4,5,4,3,1,4,4,55,3,3,2,3,2,1,1,816,319,6,1
1,2,15,4,9,2326,3,3,2,3,1,4,3,27,1,2,1,3,1,1,1,360,940,38,1
1,2,18,4,9,1887,5,3,4,4,1,4,1,28,1,2,2,3,1,1,1,806,50,598,1
1,4,12,4,9,1264,5,5,4,3,1,4,4,57,3,1,1,2,1,1,1,757,260,514,1
1,4,7,3,3,846,5,5,3,3,1,4,4,36,3,3,1,3,1,1,1,766,256,120,1
1,4,15,4,6,1532,2,3,4,2,1,3,3,31,3,2,1,3,1,1,1,754,686,462,1
1,4,6,3,3,935,1,3,3,2,1,2,1,24,3,2,1,3,1,1,1,111,657,89,1
1,1,27,4,9,2442,1,5,4,3,1,4,3,43,2,2,4,4,2,2,1,274,19,961,1
1,2,18,4,9,3590,1,1,3,4,1,3,3,40,3,2,3,1,2,2,1,492,917,317,0
1,4,21,4,2,2288,1,2,4,2,1,4,2,23,3,2,1,3,1,2,1,529,701,420,0
1,4,27,3,9,5117,1,4,3,3,1,4,3,26,3,2,2,3,1,1,1,23,124,327,1
1,1,39,4,2,14179,5,4,4,3,1,4,2,30,3,2,2,4,1,2,1,821,958,169,0
1,4,15,2,3,1386,5,3,4,4,1,2,1,40,3,1,1,3,1,2,1,818,622,44,1
1,4,12,4,3,618,1,5,4,3,1,4,1,56,3,2,1,3,1,1,1,645,190,288,1
1,4,12,2,2,1574,1,3,4,3,1,2,1,50,3,2,1,3,1,1,1,642,714,701,0
1,4,6,4,3,700,5,5,4,3,1,4,4,36,3,3,2,3,1,1,1,286,156,532,0
1,4,12,2,3,886,5,3,4,2,1,2,3,21,3,2,1,3,1,1,1,242,38,192,1
1,4,36,2,1,4686,1,3,2,3,1,2,4,32,3,3,1,4,1,2,1,317,870,398,1
1,2,9,2,3,790,3,3,4,2,1,3,1,66,3,2,1,2,1,1,1,366,887,808,1
0,2,12,2,3,766,3,3,4,3,1,3,1,66,3,2,1,2,1,1,1,288,584,921,0
1,1,20,2,2,2212,5,4,4,3,1,4,3,39,3,2,1,3,1,2,1,318,52,812,1
1,2,10,2,0,7308,1,1,2,3,1,4,4,70,1,3,1,4,1,2,1,875,44,492,0
1,2,24,4,6,5743,1,2,2,2,1,4,4,24,3,3,2,3,1,2,1,529,971,173,0
1,1,14,2,0,3973,1,1,1,3,1,4,4,22,3,3,1,3,1,1,1,362,805,472,0
1,2,60,3,3,7418,5,3,1,3,1,1,1,27,3,2,1,2,1,1,1,634,675,365,1
1,2,20,3,10,2629,1,3,2,3,1,3,3,29,1,2,2,3,1,2,1,862,345,867,0
1,2,18,2,9,1941,4,3,4,3,1,2,2,35,3,2,1,2,1,2,1,811,381,966,1
1,2,24,3,2,2333,5,2,4,3,1,2,2,29,1,2,1,2,1,1,1,287,562,736,0
1,4,12,2,1,2445,5,2,2,4,1,4,3,26,3,1,1,3,1,2,1,964,930,84,1
1,2,20,2,1,6468,5,1,1,1,1,4,1,60,3,2,1,4,1,2,1,927,534,827,1
1,2,18,4,2,7374,1,1,4,3,1,4,2,40,2,2,2,4,1,2,1,615,324,113,0
1,4,15,2,1,3812,2,2,1,2,1,4,3,23,3,2,1,3,1,2,1,740,344,698,1
0,1,28,2,0,4006,1,3,3,3,1,2,3,45,3,2,1,2,1,1,1,621,805,527,1
1,2,12,2,0,7472,5,1,1,2,1,2,1,24,3,1,1,1,1,1,1,761,484,244,0
1,3,12,2,2,1424,5,5,3,2,1,4,1,55,3,2,1,4,1,2,1,433,150,355,1
1,2,12,2,1,2028,5,3,4,3,1,2,3,30,3,2,1,3,1,1,1,662,50,794,1
1,4,15,2,0,5324,3,5,1,2,1,4,4,35,3,3,1,3,1,1,1,772,65,559,0
1,2,36,2,3,2323,1,4,4,3,1,4,3,24,3,1,1,3,1,1,1,86,791,791,1
1,4,12,2,6,1393,1,5,4,3,1,4,2,47,1,2,3,3,2,2,1,619,766,971,0
1,4,18,2,2,1984,1,3,4,3,1,4,4,47,1,3,2,3,1,1,1,943,221,854,0
1,4,24,2,3,999,5,5,4,3,1,2,3,25,3,2,2,3,1,1,1,548,279,617,0
1,4,36,2,9,7409,5,5,3,3,1,2,2,37,3,2,2,3,1,1,1,859,342,820,0
1,4,15,2,2,2186,5,4,1,2,1,4,1,33,1,1,1,2,1,1,1,613,457,38,1
1,3,36,2,3,4473,1,5,4,3,1,2,3,31,3,2,1,3,1,1,1,607,355,696,1
1,4,24,2,8,937,1,2,4,4,1,3,3,27,3,2,2,2,1,1,1,87,112,532,1
1,4,18,2,2,3422,1,5,4,3,1,4,2,47,1,2,3,3,2,2,1,372,967,842,0
1,4,24,2,3,3105,5,2,4,3,1,2,3,25,3,2,2,3,1,1,1,119,14,723,1
1,4,12,4,6,2748,1,5,2,2,1,4,4,57,1,3,3,2,1,1,1,58,659,465,1
1,2,18,2,5,3872,1,1,2,2,1,4,3,67,3,2,1,3,1,2,1,614,363,451,1
1,4,27,2,5,5190,5,5,4,3,1,4,2,48,3,2,4,3,2,2,1,745,529,916,1
1,2,18,2,2,3001,1,4,2,2,1,4,1,40,3,1,1,3,1,1,1,519,315,880,1
1,4,24,3,9,3863,1,3,1,3,1,2,4,32,3,3,1,3,1,1,1,561,50,591,0
1,4,12,4,2,5801,5,5,2,3,1,4,2,49,3,1,1,3,1,2,2,249,925,176,1
1,4,12,4,2,1592,4,4,3,2,1,2,2,35,3,2,1,3,1,1,1,824,757,84,1
1,4,12,4,9,1185,1,3,3,2,1,2,1,27,3,2,2,3,1,1,1,408,184,380,0
1,4,18,4,2,3780,1,2,3,1,1,2,3,35,3,2,2,4,1,2,1,777,198,521,0
1,2,18,4,2,3612,1,5,3,2,1,4,2,37,3,2,1,3,1,2,2,255,310,136,1
1,4,12,2,9,1076,1,3,2,4,1,2,1,26,3,2,1,3,1,2,1,752,410,714,1
1,4,12,2,0,3527,5,2,2,3,1,3,2,45,3,2,1,4,2,2,1,423,600,499,1
1,4,18,2,3,2051,1,2,4,3,1,1,1,33,3,2,1,3,1,1,1,405,882,263,1
1,4,12,4,2,3331,1,5,2,3,1,4,2,42,2,2,1,3,1,1,1,229,131,366,0
1,1,18,0,9,3104,1,4,3,3,1,1,2,31,1,2,1,3,1,2,1,278,712,20,0
1,4,24,4,3,2611,1,5,4,4,2,3,1,46,3,2,2,3,1,1,1,469,401,568,0
1,1,12,4,1,1409,1,5,4,3,1,3,1,54,3,2,1,3,1,1,1,755,791,879,0
1,4,24,2,3,1311,2,4,4,4,1,3,2,26,3,2,1,3,1,2,1,411,557,466,1
1,4,6,2,3,2108,1,4,2,4,1,2,1,29,3,1,1,3,1,1,1,989,760,390,0
1,4,24,4,1,4042,5,4,3,3,1,4,2,43,3,2,2,3,1,2,1,117,319,93,1
1,4,12,4,0,926,1,1,1,2,1,2,2,38,3,2,1,1,1,1,1,122,630,967,0
1,1,12,2,3,1680,3,5,3,4,1,1,1,35,3,2,1,3,1,1,1,799,549,762,0
1,4,24,2,0,1249,1,2,4,4,1,2,1,28,3,2,1,3,1,1,1,106,75,41,0
1,4,24,4,0,2463,2,4,4,4,1,3,2,27,3,2,2,3,1,2,1,168,643,905,0
1,4,6,2,3,1595,1,4,3,3,1,2,2,51,3,2,1,3,2,1,1,304,699,194,0
1,4,24,4,5,2058,1,3,4,1,1,2,1,33,3,2,2,3,1,2,1,648,38,56,1
1,4,24,2,1,7814,1,4,3,3,1,3,3,38,3,2,1,4,1,2,1,450,161,347,0
1,4,6,4,3,1740,1,5,2,4,1,2,1,30,3,1,2,3,1,1,1,583,805,981,1
1,4,12,4,3,1240,5,5,4,2,1,2,1,38,3,2,2,3,1,2,1,562,576,255,0
1,4,24,4,1,6842,5,3,2,3,1,4,2,46,3,2,2,4,2,2,1,745,250,853,1
1,4,24,4,2,5150,1,5,4,3,1,4,3,33,3,2,1,3,1,2,1,909,603,552,1
1,1,6,2,0,1203,2,5,3,3,1,2,2,43,3,2,1,3,1,2,1,336,287,8,1
1,4,6,4,0,2080,3,3,1,4,1,2,3,24,3,2,1,3,1,1,1,115,383,284,1
1,4,6,2,6,1538,1,2,1,2,1,2,4,56,3,2,1,3,1,1,1,910,46,692,0
1,2,24,4,0,3878,2,2,4,1,1,2,3,37,3,2,1,3,1,2,1,933,93,965,0
1,2,30,2,2,3832,1,2,2,4,1,1,2,22,3,2,1,3,1,1,1,961,83,799,0
1,4,15,2,0,3186,4,4,2,2,1,3,3,20,3,1,1,3,1,1,1,833,79,843,1
1,2,24,2,3,2896,2,2,2,3,1,1,3,29,3,2,1,3,1,1,1,335,578,190,1
1,2,24,3,9,6967,2,4,4,3,1,4,3,36,3,1,1,4,1,2,1,668,289,4,0
0,4,36,2,6,1819,1,3,4,3,1,4,4,37,2,3,1,3,1,2,1,571,886,119,1
0,4,24,2,3,5943,5,2,1,2,1,1,3,44,3,2,2,3,1,2,1,144,425,502,0
0,4,36,4,2,7127,1,2,2,2,1,4,2,23,3,1,2,3,1,2,1,256,928,405,0
0,4,36,2,2,3349,1,3,4,2,1,2,3,28,3,2,1,4,1,2,1,633,908,739,0
0,4,36,2,2,10974,1,1,4,2,1,2,3,26,3,2,2,4,1,2,1,864,349,205,1
1,4,6,2,3,518,1,3,3,2,1,1,1,29,3,2,1,3,1,1,1,77,917,705,0
1,4,18,2,3,1126,5,2,4,2,1,2,1,21,3,1,1,3,1,2,1,743,644,889,0
1,2,12,4,1,1860,1,1,4,3,1,2,3,34,3,2,2,4,1,2,1,748,821,45,0
1,4,36,4,3,9566,1,3,2,2,1,2,3,31,2,2,2,3,1,1,1,982,969,862,1
1,1,12,2,3,701,1,3,4,4,1,2,1,40,3,2,1,2,1,1,1,63,468,849,1
1,2,12,2,3,2930,1,4,2,2,1,1,1,27,3,2,1,3,1,1,1,209,824,262,1
1,4,18,2,3,1505,1,3,4,3,1,2,4,32,3,3,1,4,1,2,1,765,167,650,0
1,4,18,4,3,2238,1,3,2,2,1,1,3,25,3,2,2,3,1,1,1,366,366,192,1
1,4,4,4,3,1503,1,4,2,3,1,1,1,42,3,2,2,2,2,1,1,210,241,444,0
1,4,24,4,1,2197,5,4,4,3,1,4,3,43,3,2,2,3,2,2,1,998,802,603,0
1,3,12,2,3,1881,1,3,2,2,1,2,3,44,3,1,1,2,1,2,1,751,203,867,0
1,1,18,4,3,1880,1,4,4,4,1,1,2,32,3,2,2,4,1,2,1,532,316,548,0
1,1,18,2,3,2389,1,2,4,2,1,1,3,27,2,2,1,3,1,1,1,217,237,759,0
1,2,24,2,3,1967,1,5,4,2,1,4,3,20,3,2,1,3,1,2,1,144,518,541,1
1,4,4,4,0,3380,1,4,1,2,1,1,1,37,3,2,1,3,2,1,1,26,831,152,0
1,4,4,4,0,1455,1,4,2,3,1,1,1,42,3,2,3,2,2,1,1,651,317,172,1
1,4,7,4,3,730,5,5,4,3,1,2,2,46,3,1,2,2,1,2,1,477,838,1000,0
1,2,18,0,2,3244,1,3,1,2,1,4,3,33,1,2,2,3,1,2,1,471,478,40,1
0,2,9,2,3,1670,1,2,4,2,1,2,3,22,3,2,1,3,1,2,1,607,498,216,1
1,2,48,2,3,3979,5,4,4,3,1,1,3,41,3,2,2,3,2,2,1,405,728,236,1
0,2,12,2,2,1922,1,3,4,3,1,2,2,37,3,2,1,2,1,1,1,672,157,129,0
1,2,18,4,2,1295,1,2,4,2,1,1,2,27,3,2,2,3,1,1,1,934,249,360,0
1,4,4,4,3,1544,1,4,2,3,1,1,1,42,3,2,3,2,2,1,1,191,621,786,0
1,2,8,2,9,907,1,2,3,4,1,2,1,26,3,2,1,3,1,2,1,136,732,226,1
1,2,30,2,3,1715,5,3,4,2,1,1,3,26,3,2,1,3,1,1,1,420,552,941,1
1,3,10,4,3,1347,5,4,4,3,1,2,2,27,3,2,2,3,1,2,1,409,770,272,1
1,2,12,2,0,1007,4,3,4,4,1,1,1,22,3,2,1,3,1,1,1,257,769,187,0
1,4,12,4,2,1402,3,4,3,2,1,4,3,37,3,1,1,3,1,2,1,184,133,183,1
1,2,12,2,0,2002,1,4,3,3,1,4,2,30,3,1,1,3,2,2,1,200,58,613,0
1,4,12,4,6,2096,1,4,2,3,1,3,1,49,3,2,1,2,2,1,1,650,28,31,1
1,4,12,2,0,1101,1,3,3,4,1,2,1,27,3,2,2,3,1,2,1,412,754,121,0
1,4,10,2,8,894,5,4,4,2,1,3,2,40,3,2,1,3,1,2,1,750,618,704,1
1,2,11,2,2,1577,4,2,4,2,1,1,1,20,3,2,1,3,1,1,1,386,836,933,1
1,4,33,3,9,2764,1,3,2,2,1,2,3,26,3,2,2,3,1,2,1,695,996,922,0
1,2,48,0,0,8358,3,2,1,2,1,1,3,30,3,2,2,3,1,1,1,426,636,295,1
1,3,12,2,2,1474,1,2,4,2,1,1,2,33,1,2,1,4,1,2,1,518,982,927,1
1,4,24,2,1,5433,5,1,2,2,1,4,2,26,3,1,1,4,1,2,1,363,348,389,1
1,2,14,2,9,1410,3,5,1,4,1,2,1,35,3,2,1,3,1,2,1,835,616,745,0
1,4,20,4,0,3485,5,2,2,1,1,4,1,44,3,2,2,3,1,2,1,173,586,920,1
1,4,18,4,1,3850,1,4,3,3,1,1,3,27,3,2,2,3,1,1,1,224,729,957,1
0,2,60,2,0,7408,2,2,4,2,1,2,2,24,3,2,1,4,1,1,1,957,46,974,0
1,3,24,2,3,1377,2,5,4,2,1,2,4,47,3,3,1,3,1,2,1,229,489,90,1
1,4,30,3,9,4272,2,3,2,3,1,2,2,26,3,2,2,2,1,1,1,645,152,954,0
1,2,24,3,3,1553,2,4,3,2,1,2,2,23,3,1,2,3,1,2,1,490,959,458,0
1,2,36,3,9,9857,2,4,1,3,1,3,2,31,3,2,2,2,2,2,1,313,707,408,1
1,4,6,4,0,362,2,3,4,2,1,4,3,52,3,2,2,2,1,1,1,824,926,110,1
1,4,12,4,2,1935,1,5,4,3,1,4,1,43,3,2,3,3,1,2,1,893,61,446,0
1,4,48,2,3,10222,5,4,4,3,1,3,3,37,2,2,1,3,1,2,1,449,858,291,1
1,3,12,2,0,1330,1,2,4,3,1,1,1,26,3,2,1,3,1,1,1,266,560,411,0
1,4,36,2,6,9055,5,3,2,3,1,4,4,35,3,3,1,2,2,2,1,428,61,427,0
1,2,26,2,1,7966,1,2,2,3,1,3,3,30,3,2,2,3,1,1,1,454,942,916,1
1,2,30,1,2,3496,4,3,4,3,1,2,3,34,2,2,1,3,2,2,1,791,130,589,0
1,2,36,2,1,6948,1,3,2,3,1,2,3,35,3,1,1,4,1,2,1,817,521,615,1
1,2,48,0,9,12204,5,3,2,3,1,2,3,48,1,2,1,4,1,2,1,313,936,903,1
0,1,36,2,2,3446,1,5,4,3,1,2,3,42,3,2,1,3,2,1,1,136,829,761,0
0,1,12,2,6,684,1,3,4,3,1,4,3,40,3,1,1,2,2,1,1,754,966,46,0
0,1,33,4,2,4281,3,3,1,2,1,4,3,23,3,2,2,3,1,1,1,172,712,921,1
0,1,42,2,3,7174,5,4,4,2,1,3,3,30,3,2,1,4,1,2,1,683,553,221,1
0,1,24,1,3,1546,1,4,4,3,3,4,3,24,1,1,1,2,1,1,1,592,946,715,0
0,1,24,2,2,2359,2,1,1,1,1,1,2,33,3,2,1,3,1,1,1,1,468,697,0
0,4,24,2,3,3621,2,5,2,3,1,4,3,31,3,2,2,3,1,1,1,705,848,20,1
0,1,12,2,4,741,2,1,4,2,1,3,2,22,3,2,1,3,1,1,1,990,667,238,1
0,1,12,2,2,7865,1,5,4,3,1,4,4,53,3,3,1,4,1,2,1,381,841,910,0
1,1,24,2,1,2910,1,4,2,3,1,1,4,34,3,3,1,4,1,2,1,258,218,3,1
1,1,18,4,0,5302,1,5,2,3,1,4,4,36,3,3,3,4,1,2,1,912,30,802,1
1,1,36,2,2,3620,1,3,1,3,3,2,2,37,3,2,1,3,2,1,1,996,44,519,1
1,1,18,2,3,3509,1,4,4,2,3,1,1,25,3,2,1,3,1,1,1,300,26,812,1
1,2,12,2,2,3017,1,2,3,2,1,1,1,34,3,1,1,4,1,1,1,356,687,312,1
1,1,12,2,2,1657,1,3,2,3,1,2,1,27,3,2,1,3,1,1,1,887,168,519,1
1,1,8,4,10,1164,1,5,3,3,1,4,4,51,1,3,2,4,2,2,1,620,79,81,0
0,1,36,4,2,6229,1,2,4,2,2,4,4,23,3,1,2,2,1,2,1,826,244,56,1
0,1,24,1,0,1193,1,1,1,2,2,4,4,29,3,1,2,1,1,1,1,752,200,410,0
1,1,30,0,2,4583,1,3,2,1,3,2,1,32,3,2,2,3,1,1,1,580,96,774,1
1,1,36,4,2,5371,1,3,3,3,3,2,2,28,3,2,2,3,1,1,1,928,634,785,0
1,1,12,2,2,708,1,3,2,3,3,3,2,38,3,2,1,2,2,1,1,315,724,262,0
1,1,21,4,0,571,1,5,4,3,1,4,1,65,3,2,2,3,1,1,1,774,935,431,1
1,1,30,2,3,2522,1,5,1,3,3,3,2,39,3,2,1,3,2,1,1,538,72,631,0
0,1,36,2,2,5179,1,4,4,3,1,2,2,29,3,2,1,3,1,1,1,458,16,94,0
0,1,36,2,1,8229,1,3,2,3,1,2,2,26,3,2,1,3,2,1,1,285,945,862,0
1,4,24,4,2,2028,1,4,2,3,1,2,2,30,3,2,2,2,1,1,1,499,135,385,0
1,1,6,2,0,1374,5,1,4,2,1,3,2,75,3,2,1,4,1,2,1,782,496,872,0
1,1,12,2,2,1289,1,3,4,3,3,1,2,21,3,2,1,2,1,1,1,216,451,333,0
0,1,36,2,2,2712,1,5,2,3,1,2,2,41,1,2,1,3,2,1,1,424,201,604,1
1,1,15,4,2,975,1,3,2,1,1,3,2,25,3,2,2,3,1,1,1,119,201,980,0
1,2,6,3,2,1050,1,1,4,3,1,1,2,35,2,2,2,4,1,2,2,423,299,448,0
1,1,6,4,0,609,1,4,4,2,1,3,2,37,3,2,2,3,1,1,1,167,80,84,1
1,1,48,2,1,4788,1,4,4,3,1,3,2,26,3,2,1,3,2,1,1,737,929,458,1
1,2,24,2,2,3069,2,5,4,3,1,4,4,30,3,3,1,3,1,1,1,149,752,549,1
0,2,12,2,0,836,2,2,4,2,1,2,2,23,1,2,1,2,1,1,1,627,243,416,0
1,1,12,2,2,2577,1,3,2,1,1,1,3,42,3,2,1,3,1,1,1,257,122,829,0
1,1,12,2,2,1620,1,3,2,2,2,3,2,30,3,2,1,3,1,1,1,207,252,270,1
1,1,15,2,2,1845,1,2,4,2,3,1,2,46,3,1,1,3,1,1,1,533,371,813,1
1,1,24,2,1,6579,1,1,4,3,1,2,4,29,3,3,1,4,1,2,1,769,856,324,0
1,1,12,2,0,1893,1,3,4,2,3,4,2,29,3,2,1,3,1,2,1,204,767,707,1
1,1,30,4,1,10623,1,5,3,3,1,4,4,38,3,3,3,4,2,2,1,843,368,376,0
1,1,18,2,0,2249,2,4,4,3,1,3,3,30,3,2,1,4,2,2,1,742,581,477,0
0,1,30,2,2,3108,1,2,2,1,1,4,2,31,3,2,1,2,1,1,1,326,975,683,1
1,2,12,4,0,958,1,4,2,3,1,3,1,47,3,2,2,2,2,1,1,715,998,166,0
1,4,24,2,1,9277,5,3,2,1,1,4,4,48,3,3,1,3,1,2,1,234,346,816,1
1,4,24,4,10,6314,1,1,4,3,2,2,4,27,1,2,2,4,1,2,1,244,364,632,0
1,1,12,4,1,1526,1,5,4,3,1,4,4,66,3,3,2,4,1,1,1,432,294,128,1
1,1,12,2,2,3590,1,3,2,3,2,2,2,29,3,2,1,2,2,1,1,533,667,204,1
1,1,24,4,1,6615,1,1,2,3,1,4,4,75,3,3,2,4,1,2,1,952,842,649,1
1,1,6,4,2,1872,1,1,4,3,1,4,4,36,3,3,3,4,1,2,1,493,328,793,0
1,4,12,2,0,2859,5,1,4,3,1,4,4,38,3,2,1,4,1,2,1,40,270,182,1
1,4,18,4,3,1582,4,5,4,3,1,4,3,46,3,2,2,3,1,1,1,817,134,167,0
1,4,6,2,8,1238,5,1,4,3,1,4,2,36,3,2,1,4,2,2,1,290,787,973,1
1,1,12,2,2,2578,1,1,3,2,1,4,4,55,3,3,1,4,1,1,1,46,438,477,0
1,1,15,4,2,1433,1,3,4,2,1,3,2,25,3,1,2,3,1,1,1,803,274,587,1
1,1,42,2,2,7882,1,4,2,3,3,4,2,45,3,3,1,3,2,1,1,709,482,33,1
1,1,24,2,2,4169,1,3,4,3,1,4,2,28,3,2,1,3,1,1,1,411,583,796,1
1,1,36,2,2,3959,1,1,4,3,1,3,2,30,3,2,1,4,1,2,1,617,753,620,1
1,1,36,2,0,3249,1,4,2,3,1,4,4,39,1,3,1,4,2,2,1,117,68,990,0
1,1,24,2,2,3149,1,2,4,3,1,1,4,22,1,3,1,3,1,1,1,43,104,719,1
0,1,12,4,2,2246,1,5,3,3,1,3,2,60,3,2,2,3,1,1,1,468,759,138,0
1,1,13,4,9,1797,1,2,3,3,1,1,2,28,1,2,2,2,1,1,1,578,836,537,1
1,1,20,4,2,4272,1,5,1,2,1,4,2,24,3,2,2,3,1,1,1,158,325,941,0
1,1,24,4,1,2957,1,5,4,3,1,4,2,63,3,2,2,3,1,2,1,688,223,569,0
1,1,36,4,2,2348,1,3,3,4,1,2,2,46,3,2,2,3,1,2,1,933,539,186,0
1,3,42,0,9,6289,1,2,2,1,1,1,2,33,3,2,2,3,1,1,1,261,610,385,0
1,1,24,4,1,6419,1,5,2,2,1,4,4,44,3,3,2,4,2,2,1,945,982,348,1
0,1,48,4,1,6143,1,5,4,2,1,4,4,58,2,3,2,2,1,1,1,512,556,993,1
1,4,24,4,6,1597,1,5,4,3,1,4,4,54,3,3,2,3,2,1,1,673,165,158,0
1,1,36,2,10,15857,1,1,2,1,2,3,3,43,3,2,1,4,1,1,1,690,481,258,1
1,4,24,4,3,2223,2,5,4,3,1,4,2,52,1,2,2,3,1,1,1,898,248,419,0
1,4,48,3,3,7238,5,5,3,3,1,3,3,32,1,2,2,3,2,1,1,544,429,289,1
1,2,30,3,9,2503,2,5,4,3,1,2,2,41,2,2,2,3,1,1,1,26,342,125,0
1,2,18,2,9,2622,2,3,4,3,1,4,3,34,3,2,1,3,1,1,1,294,830,201,0
1,2,24,2,2,4351,5,3,1,2,1,4,2,48,3,2,1,2,1,2,1,443,574,195,1
1,2,6,2,3,368,5,5,4,3,1,4,2,38,3,2,1,3,1,1,1,445,999,87,0
1,2,12,2,8,754,5,5,4,3,1,4,2,38,3,2,2,3,1,1,1,731,54,274,0
1,4,24,4,3,2424,5,5,4,3,1,4,2,53,3,2,2,3,1,1,1,125,565,169,0
1,2,48,3,9,6681,5,3,4,3,1,4,4,38,3,3,1,3,2,2,1,447,420,582,1
1,2,18,3,9,2427,5,5,4,3,1,2,2,42,3,2,2,3,1,1,1,439,212,873,1
0,2,24,4,3,1216,2,2,4,3,1,4,4,38,1,2,2,3,2,1,1,139,933,929,1
1,2,6,2,3,753,1,3,2,2,3,3,1,64,3,2,1,3,1,1,1,909,498,758,1
1,2,7,2,3,2576,1,3,2,3,3,2,1,35,3,2,1,3,1,1,2,454,119,75,1
1,2,6,2,3,590,1,2,3,4,1,3,1,26,3,2,1,2,1,1,2,921,571,139,0
1,2,8,2,3,1414,1,3,4,3,3,2,1,33,3,2,1,3,1,1,2,303,705,806,0
1,2,12,2,3,1103,1,4,4,3,3,3,1,29,3,2,2,3,1,1,1,301,606,649,1
1,2,12,3,3,585,1,3,4,4,2,4,1,20,3,1,2,3,1,1,1,26,799,261,0
1,2,6,2,3,1068,1,5,4,3,1,4,3,28,3,2,1,3,2,1,1,549,37,196,0
1,1,8,4,0,713,1,5,4,3,1,4,1,47,3,2,2,2,1,1,1,107,518,456,0
1,2,12,2,3,1092,1,3,4,2,3,4,1,49,3,2,2,3,1,2,1,183,342,421,0
1,2,7,2,3,2329,1,2,1,2,3,1,1,45,3,2,1,3,1,1,1,939,586,92,0
1,2,13,4,3,882,1,2,4,3,3,4,1,23,3,2,2,3,1,1,1,150,11,673,1
1,2,18,2,3,866,1,3,4,4,3,2,1,25,3,2,1,2,1,1,1,702,765,98,1
1,2,7,2,3,2415,1,3,3,3,3,2,1,34,3,2,1,3,1,1,1,787,554,130,1
1,2,13,2,3,2101,1,2,2,2,3,4,2,23,3,2,1,2,1,1,1,314,974,957,0
1,2,18,2,3,1301,1,5,4,4,3,2,1,32,3,2,1,2,1,1,1,511,870,96,0
1,2,18,2,3,1113,1,3,4,2,3,4,1,26,3,2,1,2,2,1,1,794,636,939,0
1,2,8,2,3,760,1,4,4,2,3,2,1,44,3,2,1,2,1,1,1,450,124,788,1
1,2,12,2,3,625,1,2,4,4,3,1,1,26,1,2,1,2,1,1,1,715,612,464,1
1,3,6,4,0,1323,2,5,2,1,1,4,3,28,3,2,2,3,2,2,1,796,50,509,1
1,1,9,4,3,1138,1,3,4,3,1,4,1,25,3,2,2,2,1,1,1,848,14,79,1
1,2,18,4,3,1795,1,5,3,2,3,4,1,48,1,1,2,2,1,2,1,421,347,559,0
1,2,15,4,3,2728,5,4,4,3,3,2,1,35,1,2,3,3,1,2,1,357,653,469,1
1,2,6,2,3,484,1,4,3,4,3,3,1,28,1,2,1,2,1,1,1,283,466,356,1
1,2,10,1,3,1048,1,3,4,3,1,4,1,23,2,2,1,2,1,1,1,470,846,147,0
1,2,12,2,3,1155,1,5,3,4,3,3,1,40,1,2,2,2,1,1,1,571,339,563,0
1,2,20,3,1,7057,5,4,3,3,1,4,2,36,1,1,2,4,2,2,1,258,674,574,0
1,2,15,4,3,1537,5,5,4,3,3,4,1,50,3,2,2,3,1,2,1,14,366,836,1
1,1,12,2,3,2214,1,3,4,3,1,3,2,24,3,2,1,2,1,1,1,600,707,284,0
1,4,24,4,2,1585,1,4,4,3,1,3,2,40,3,2,2,3,1,1,1,475,938,572,0
1,2,10,2,2,1521,1,3,4,1,1,2,3,31,3,2,1,2,1,1,1,515,456,542,1
1,2,36,1,4,3990,5,2,3,2,1,2,4,29,1,2,1,1,1,1,1,285,599,196,0
1,3,18,2,2,3049,1,2,1,2,1,1,2,45,2,2,1,2,1,1,1,385,718,905,1
0,1,24,2,3,1282,2,3,4,2,1,2,3,32,3,2,1,2,1,1,1,377,326,991,1
1,4,60,2,3,10144,2,4,2,2,1,4,1,21,3,2,1,3,1,2,1,931,370,168,1
1,1,12,2,0,1168,1,3,4,4,1,3,1,27,3,2,1,2,1,1,1,555,718,901,0
1,2,6,2,5,454,1,2,3,4,1,1,2,22,3,2,1,2,1,1,1,445,14,177,1
1,4,15,3,1,3594,1,2,1,2,1,2,2,46,3,2,2,2,1,1,1,59,598,278,1
1,4,12,2,2,1768,1,3,3,3,1,2,1,24,3,1,1,2,1,1,1,131,68,755,0
1,4,60,3,3,15653,1,4,2,3,1,4,3,21,3,2,2,3,1,2,1,122,808,650,1
1,3,12,3,0,2247,1,3,2,2,1,2,3,36,2,2,2,3,1,2,1,629,690,787,1
1,4,24,2,3,1413,1,3,4,4,1,2,2,28,3,2,1,3,1,1,1,319,145,520,1
1,2,45,4,1,4576,2,1,3,3,1,4,3,27,3,2,1,3,1,1,1,892,865,1000,0
1,1,24,4,3,1231,4,5,4,2,1,4,2,57,3,1,2,4,1,2,1,380,317,439,1
0,1,36,2,1,8335,5,5,3,3,1,4,4,47,3,3,1,3,1,1,1,825,315,281,1
1,2,36,4,1,5800,1,3,3,3,1,4,3,34,3,2,2,3,1,2,1,23,122,783,1
1,1,18,3,6,8471,5,3,1,2,1,2,3,23,3,1,2,3,1,2,1,397,97,214,1
1,1,30,2,2,3622,4,5,4,2,1,4,2,57,3,1,2,3,1,2,1,169,891,779,1
1,1,6,4,3,1169,5,5,4,3,1,4,1,67,3,2,2,3,1,2,1,211,632,853,1
1,4,15,2,4,1262,3,4,4,3,1,3,2,36,3,2,2,3,1,2,1,837,51,947,0
1,3,24,4,2,3617,5,5,4,3,2,4,4,20,3,1,2,3,1,1,1,84,447,381,0
1,2,30,4,0,2181,5,5,4,3,1,4,1,36,3,2,2,3,1,1,1,913,30,424,0
0,1,48,1,9,7685,1,4,2,2,3,4,3,37,3,1,1,3,1,1,1,202,435,421,0
1,4,48,4,6,6110,1,3,1,3,1,3,4,31,1,3,1,3,1,2,1,953,237,284,0
1,4,24,2,0,3757,1,5,4,2,2,4,4,62,3,3,1,3,1,2,1,236,616,733,0
1,1,42,4,5,3394,1,1,4,3,2,4,3,65,3,2,2,1,1,1,1,760,836,204,1
1,4,36,4,9,6304,5,5,4,3,1,4,1,36,3,2,2,3,1,1,1,771,965,928,1
1,4,9,4,6,1244,5,5,4,2,1,4,2,41,3,1,2,2,1,1,1,773,750,835,0
1,4,6,2,0,3518,1,3,2,3,3,3,2,26,3,1,1,3,1,1,1,584,64,949,1
1,4,36,0,5,2613,1,3,4,3,1,2,3,27,3,2,2,3,1,1,1,58,826,255,1
1,1,48,2,6,7476,1,4,4,3,1,1,4,50,3,3,1,4,1,2,1,538,221,369,1
0,4,24,2,9,4591,4,3,2,3,1,3,2,54,3,2,3,4,1,2,1,358,888,488,0
0,2,18,2,2,1924,5,2,4,2,1,3,1,27,3,1,1,3,1,1,1,417,33,398,1
0,2,72,2,3,5595,2,3,2,4,1,2,3,24,3,2,1,3,1,1,1,791,690,20,0
0,2,48,3,6,6224,1,5,4,3,1,4,4,50,3,3,1,3,1,1,1,673,407,315,0
1,3,15,2,6,1905,1,5,4,3,1,4,3,40,3,1,1,4,1,2,1,915,705,331,1
1,4,21,3,1,2993,1,3,3,3,1,2,1,28,2,2,2,2,1,1,1,612,586,998,0
1,4,36,3,1,8947,5,4,3,3,1,2,3,31,2,2,1,4,2,2,1,12,167,249,0
1,1,24,2,2,4020,1,3,2,3,1,2,3,27,2,2,1,3,1,1,1,638,233,184,1
1,2,18,2,1,2779,1,3,1,4,1,3,3,21,3,1,1,3,1,2,1,633,439,975,0
1,4,21,2,0,2782,3,4,1,2,1,2,3,31,1,2,1,4,1,1,1,429,917,677,0
1,4,12,2,0,1884,1,5,4,3,1,4,3,39,3,2,1,4,1,2,1,560,49,110,0
1,4,36,4,1,11054,5,3,4,3,1,2,3,30,3,2,1,4,1,2,1,979,59,548,0
1,2,60,3,3,9157,5,3,2,3,1,2,4,27,3,3,1,4,1,1,1,467,871,702,0
1,2,42,1,1,9283,1,1,1,3,1,2,4,55,1,3,1,4,1,2,1,87,625,446,0
1,4,60,2,0,6527,5,3,4,3,1,4,4,34,3,3,1,3,2,2,1,782,168,212,1
1,4,15,4,1,3368,4,5,3,3,1,4,4,23,3,1,2,3,1,2,1,649,128,202,1
1,1,15,2,0,2511,1,1,1,2,1,4,3,23,3,1,1,3,1,1,1,236,18,112,1
1,1,36,2,1,5493,1,5,2,3,1,4,4,42,3,3,1,3,2,1,1,811,311,943,0
1,4,6,2,4,1338,3,3,1,1,1,4,1,62,3,2,1,3,1,1,1,801,473,534,0
1,2,9,2,3,1082,1,5,4,3,1,4,3,37,3,2,2,2,1,1,1,386,488,933,0
1,4,18,4,3,1149,4,3,4,3,1,3,1,46,3,2,2,3,1,1,1,339,663,385,1
1,2,15,2,5,1308,1,5,4,3,1,4,3,38,3,2,2,2,1,1,1,65,835,831,1
1,2,20,0,1,6148,2,5,3,4,1,4,3,31,1,2,2,3,1,2,1,13,621,550,1
1,4,12,2,2,1736,1,4,3,2,1,4,1,31,3,2,1,2,1,1,1,235,756,129,0
1,4,12,2,3,3059,4,4,2,1,1,4,1,61,3,2,1,2,1,1,1,526,709,51,0
0,1,24,2,2,2996,5,3,2,4,1,4,3,20,3,2,1,3,1,1,1,266,46,549,0
1,4,30,4,1,7596,5,5,1,3,1,4,3,63,3,2,2,3,1,1,1,131,707,596,0
1,4,30,2,1,4811,5,4,2,2,1,4,2,24,2,1,1,2,1,1,1,761,854,828,0
1,4,6,2,2,1766,1,3,1,4,1,2,2,21,3,1,1,3,1,1,1,398,49,991,1
1,2,24,2,1,2760,5,5,4,3,1,4,4,36,1,3,1,3,1,2,1,874,188,746,1
1,4,24,4,5,5507,1,5,3,3,1,4,4,44,3,3,2,3,1,1,1,272,73,839,0
1,2,9,2,6,1199,1,4,4,2,1,4,2,67,3,2,2,4,1,2,1,399,461,43,0
1,3,24,2,2,2892,1,5,3,1,1,4,4,51,3,3,1,3,1,1,1,931,744,727,0
1,2,36,3,0,2862,2,5,4,3,1,3,4,30,3,3,1,3,1,1,1,674,556,84,0
0,1,9,2,0,654,1,3,4,3,1,3,3,28,3,2,1,2,1,1,1,602,129,736,0
0,2,9,4,6,1136,4,5,4,3,1,3,4,32,3,3,2,3,2,1,1,456,922,919,1
0,2,24,2,1,4113,3,2,3,2,1,4,3,28,3,1,1,3,1,1,1,166,44,135,0
0,2,6,2,0,14555,5,1,1,3,1,2,2,23,3,2,1,1,1,2,1,478,246,990,1
0,1,15,0,0,950,1,5,4,3,1,3,3,33,3,1,2,3,2,1,1,518,536,355,1
0,1,24,4,0,1199,1,5,4,3,1,4,3,60,3,2,2,2,1,1,1,447,697,515,1
0,1,12,0,0,1082,1,3,4,3,1,4,3,48,1,2,2,3,1,1,1,934,149,579,0
0,2,30,2,0,2150,1,3,4,2,3,2,4,24,1,2,1,3,1,1,1,17,39,716,1
0,2,36,4,0,2820,1,2,4,1,1,4,3,27,3,2,2,3,1,1,1,169,652,69,1
0,2,48,2,3,3060,1,4,4,3,1,4,1,28,3,2,2,3,1,1,1,693,546,382,0
0,1,18,2,3,2600,1,3,4,3,1,4,4,65,3,3,2,3,1,1,1,303,649,450,1
0,4,21,0,0,5003,5,3,1,2,1,4,2,29,1,2,2,3,1,2,1,375,253,410,1
0,2,60,2,6,6288,1,3,4,3,1,4,4,42,3,3,1,3,1,1,1,542,785,852,1
0,4,24,3,0,2538,1,5,4,3,1,4,3,47,3,2,2,2,2,1,1,748,910,977,1
0,4,9,2,3,1478,1,4,4,3,1,2,3,22,3,2,1,3,1,1,1,344,140,32,0
0,2,39,4,3,4933,1,4,2,3,3,2,1,25,3,2,2,3,1,1,1,595,677,320,1
0,4,18,4,0,1530,1,3,3,3,1,2,2,32,1,2,2,3,1,1,1,115,321,546,1
0,2,9,1,0,1437,2,4,2,3,1,3,4,29,3,2,1,3,1,1,1,753,58,146,0
0,1,15,2,4,1275,5,3,4,2,1,2,3,24,3,1,1,3,1,1,1,351,341,519,0
0,1,24,2,3,1823,1,1,4,3,1,2,3,30,2,2,1,4,2,1,1,105,403,808,1
0,1,9,2,0,1422,1,2,3,3,1,2,4,27,3,3,1,4,1,2,1,217,840,12,0
0,1,18,2,4,1217,1,3,4,4,1,3,1,47,3,2,1,2,1,2,1,743,159,722,0
0,1,36,2,0,9271,1,4,2,3,1,1,3,24,3,2,1,3,1,2,1,749,713,10,0
0,1,36,3,9,2145,1,4,2,3,1,1,3,24,3,2,2,3,1,2,1,0,928,197,0
0,1,36,2,0,1842,1,2,4,2,1,4,3,34,3,2,1,3,1,2,1,173,118,595,0
0,2,18,3,2,4297,1,5,4,1,1,3,4,40,3,2,1,4,1,2,1,214,736,492,1
0,1,6,4,2,3384,1,3,1,1,1,4,1,44,3,1,1,4,1,2,1,26,897,824,0
0,2,18,4,3,1245,1,3,4,4,1,2,3,33,3,2,1,3,1,1,1,417,506,636,0
0,4,15,2,6,4623,2,3,3,3,1,2,2,40,3,2,1,4,1,2,1,269,378,208,1
0,2,30,4,2,8386,1,4,2,3,1,2,2,49,3,2,1,3,1,1,1,749,850,92,0
0,1,24,3,3,1024,1,2,4,4,1,4,1,48,2,2,1,3,1,1,1,60,461,293,1
0,2,36,2,0,14318,1,5,4,3,1,2,4,57,3,3,1,4,1,2,1,200,367,476,0
0,2,6,1,6,433,4,2,4,2,1,2,2,24,1,1,1,3,2,1,1,70,203,690,1
0,1,12,1,3,2149,1,3,4,1,1,1,4,29,3,3,1,3,1,1,1,369,589,186,1
0,4,24,2,3,2397,3,5,3,3,1,2,3,35,1,2,2,3,1,2,1,408,745,1,1
0,2,6,1,0,931,2,2,1,2,1,1,2,32,2,2,1,2,1,1,1,395,168,379,1
0,2,15,3,5,1512,4,3,3,4,1,3,2,61,2,2,2,3,1,1,1,675,212,927,1
0,2,24,0,9,4241,1,3,1,3,1,4,1,36,3,2,3,2,1,2,1,990,606,697,0
0,2,24,4,2,4736,1,2,2,2,1,4,3,25,1,2,1,2,1,1,1,951,830,749,0
0,2,15,0,0,1778,1,2,2,2,1,1,1,26,3,1,2,1,1,1,1,702,584,40,0
0,3,15,2,3,2327,1,2,2,2,1,3,1,25,3,2,1,2,1,1,1,685,746,503,0
0,1,24,1,2,6872,1,2,2,1,1,1,2,55,1,2,1,3,1,2,1,168,992,986,1
0,1,12,2,6,795,1,2,4,2,1,4,2,53,3,2,1,3,1,1,1,354,672,79,0
0,3,30,3,9,1908,1,5,4,3,1,4,1,66,3,2,1,4,1,2,1,868,364,648,0
0,2,36,0,9,1953,1,5,4,3,1,4,4,61,3,3,1,4,1,2,1,96,924,431,0
0,3,18,2,2,2864,1,3,2,3,1,1,1,34,3,2,1,2,2,1,1,129,443,442,1
0,3,21,4,6,2319,1,2,2,1,1,1,3,33,3,1,1,3,1,1,1,280,96,164,0
0,1,24,2,0,915,5,5,4,2,1,2,3,29,1,2,1,3,1,1,1,677,843,770,0
0,3,24,2,0,947,1,4,4,3,1,3,4,38,1,3,1,3,2,1,1,172,123,283,1
0,1,24,2,0,1381,5,3,4,2,1,2,2,35,3,2,1,3,1,1,1,461,206,912,1
0,1,24,2,0,1285,5,4,4,2,1,4,4,32,3,1,1,3,1,1,1,828,970,853,1
0,1,24,2,0,1371,5,3,4,2,1,4,1,25,3,1,1,3,1,1,1,738,578,810,0
0,2,18,2,0,1042,5,3,4,2,1,2,2,33,3,2,1,3,1,1,1,716,182,327,0
0,1,12,2,0,900,5,3,4,4,1,2,3,23,3,2,1,3,1,1,1,457,32,542,1
0,1,24,2,0,1207,1,2,4,2,1,4,2,24,3,1,1,3,1,1,1,457,621,448,1
0,2,18,0,0,2278,2,2,3,2,1,3,3,28,3,2,2,3,1,1,1,78,629,587,0
0,1,60,3,9,6836,1,5,3,3,1,4,4,63,3,2,2,3,1,2,1,739,96,503,1
0,1,24,2,2,3345,1,5,4,3,1,2,2,39,3,1,1,4,1,2,1,958,99,440,0
0,1,6,1,6,1198,1,5,4,2,1,4,4,35,3,3,1,3,1,1,1,663,788,1000,1
0,2,48,2,9,15672,1,3,2,3,1,2,3,23,3,2,1,3,1,2,1,923,948,21,0
0,1,60,2,9,7297,1,5,4,3,2,4,4,36,3,1,1,3,1,1,1,572,888,655,0
0,4,18,2,5,1943,1,2,4,2,1,4,1,23,3,2,1,3,1,1,1,313,55,129,0
0,1,18,2,3,3190,1,3,2,2,1,2,1,24,3,2,1,3,1,1,1,848,121,714,1
0,2,9,1,1,5129,1,5,2,2,1,4,4,74,1,3,1,4,2,2,1,590,859,49,1
0,4,18,3,2,1808,1,4,4,2,1,1,1,22,3,2,1,3,1,1,1,785,785,184,1
0,3,10,2,0,1240,2,5,1,2,1,4,4,48,3,3,1,2,2,1,1,612,942,782,1
0,1,12,2,0,759,1,4,4,3,1,2,1,26,3,2,1,3,1,1,1,196,162,179,0
0,2,8,2,2,1237,1,3,3,2,1,4,1,24,3,2,1,3,1,1,1,789,764,406,1
0,4,9,2,2,1980,1,2,2,2,2,2,3,19,3,1,2,3,1,1,1,304,283,282,1
0,2,48,2,3,10961,4,4,1,3,2,2,4,27,1,2,2,3,1,2,1,754,931,269,1
0,1,36,3,6,6887,1,3,4,3,1,3,2,29,2,2,1,3,1,2,1,442,471,107,1
0,1,24,2,3,1938,1,2,4,1,1,3,2,32,3,2,1,3,1,1,1,225,473,246,0
0,1,21,2,3,1835,1,3,3,2,1,2,1,25,3,2,2,3,1,2,1,745,64,695,1
0,1,24,3,3,1659,1,2,4,2,1,2,3,29,3,1,1,2,1,2,1,849,564,505,0
0,2,6,3,0,1209,1,1,4,3,1,4,2,47,3,2,1,4,1,2,1,525,788,80,1
0,2,48,0,9,3844,2,4,4,3,1,4,4,34,3,3,1,2,2,1,1,742,670,144,0
0,1,12,4,0,4843,1,5,3,3,2,4,2,43,3,1,2,3,1,2,1,743,373,996,0
0,2,12,2,5,639,1,3,4,3,1,2,3,30,3,2,1,3,1,1,1,530,134,493,0
0,2,48,2,3,5951,1,3,2,2,1,2,1,22,3,2,1,3,1,1,1,741,745,442,1
0,2,36,0,3,3804,1,3,4,2,1,1,3,42,3,2,1,3,1,2,1,181,962,424,0
0,4,36,3,3,4463,1,3,4,3,1,2,3,26,3,2,2,4,1,2,1,622,948,921,0
0,4,36,3,9,7980,5,2,4,3,1,4,3,27,3,1,2,3,1,2,1,218,357,148,0
0,3,36,2,3,4210,1,3,4,3,1,2,3,26,3,2,1,3,1,1,1,0,938,666,1
0,4,6,2,2,4611,1,2,1,2,1,4,2,32,3,2,1,3,1,1,1,1,550,127,1
0,2,24,2,1,11560,1,3,1,2,1,4,3,23,3,1,2,4,1,1,1,489,411,608,1
0,4,18,0,9,4165,1,3,2,3,1,2,3,36,2,2,2,3,2,1,1,833,639,540,1
0,2,24,2,2,4057,1,4,3,1,1,3,3,43,3,2,1,3,1,2,1,410,678,883,1
0,4,18,1,0,6458,1,5,2,3,1,4,4,39,1,2,2,4,2,2,1,627,640,255,0
0,4,12,2,0,1386,3,3,2,2,1,2,2,26,3,2,1,3,1,1,1,144,403,511,0
0,1,36,2,6,1977,5,5,4,3,1,4,4,40,3,2,1,4,1,2,1,302,845,120,0
0,2,18,4,2,1928,1,2,2,3,1,2,1,31,3,2,2,2,1,1,1,51,315,45,1
0,4,12,2,2,1123,3,3,4,2,1,4,3,29,3,1,1,2,1,1,1,762,272,398,1
0,2,24,2,10,11328,1,3,2,3,2,3,3,29,1,2,2,4,1,2,1,869,482,746,1
0,2,24,4,10,11938,1,3,2,3,2,3,3,39,3,2,2,4,2,2,1,599,897,203,1
0,2,27,4,3,2520,3,3,4,3,1,2,2,23,3,2,2,2,1,1,1,918,759,500,1
0,2,30,3,3,1919,2,2,4,3,1,3,4,30,2,2,2,4,1,1,1,699,928,692,0
0,2,60,1,10,14782,2,5,3,2,1,4,4,60,1,3,2,4,1,2,1,340,651,585,1
0,2,36,2,3,2671,2,3,4,2,2,4,4,50,3,3,1,3,1,1,1,652,850,889,0
0,2,36,2,6,12612,2,3,1,3,1,4,4,47,3,3,1,3,2,2,1,311,263,878,1
0,2,45,2,3,3031,2,3,4,3,3,4,2,21,3,1,1,3,1,1,1,663,325,555,1
0,1,12,1,3,626,1,3,4,2,1,4,1,24,1,2,1,2,1,1,1,126,125,586,1
0,2,24,4,9,1935,1,5,4,1,1,4,1,31,3,2,2,3,1,2,1,623,884,98,1
0,3,24,4,0,1344,5,4,4,3,1,2,1,37,1,2,2,2,2,1,1,561,42,278,1
0,4,18,2,2,1533,1,2,4,4,2,1,2,43,3,2,1,2,2,1,1,519,148,18,1
0,1,48,2,0,3931,1,4,4,3,1,4,4,46,3,3,1,3,2,1,1,960,951,960,1
0,1,24,1,2,3349,3,2,4,3,1,4,4,30,3,3,1,3,2,2,1,145,790,980,0
0,1,36,2,3,2302,1,3,4,1,1,4,3,31,3,1,1,3,1,1,1,992,131,677,0
0,1,42,2,3,3965,1,2,4,3,1,3,3,34,3,2,1,3,1,1,1,854,972,834,0
0,1,12,2,3,727,2,2,4,4,1,3,4,33,3,2,1,2,1,2,1,44,719,999,0
0,4,48,2,9,3914,5,3,4,1,1,2,1,38,1,2,1,3,1,1,1,701,259,558,0
0,1,48,2,9,4308,1,2,3,2,1,4,2,24,3,1,1,3,1,1,1,366,762,565,0
0,2,12,2,3,1534,1,2,1,4,1,1,1,23,3,1,1,3,1,1,1,803,91,634,1
0,4,18,4,0,2775,1,4,2,3,1,2,2,31,1,2,2,3,1,1,1,499,186,972,1
0,1,40,4,6,5998,1,3,4,3,1,3,4,27,1,2,1,3,1,2,1,53,557,409,1
0,3,15,4,3,1271,5,3,3,3,1,4,4,39,3,3,2,3,1,2,1,632,277,402,1
0,2,12,2,0,1295,1,2,3,2,1,1,3,25,3,1,1,3,1,1,1,120,256,984,0
0,2,36,2,1,9398,1,2,1,4,1,4,3,28,3,1,1,4,1,2,1,628,93,114,0
0,2,12,2,2,951,2,2,4,2,1,4,3,27,1,1,4,3,1,1,1,218,644,618,0
0,2,24,2,0,1355,1,2,3,2,1,4,3,25,3,2,1,2,1,2,1,226,432,871,1
0,1,48,2,4,3051,1,3,3,3,1,4,3,54,3,2,1,3,1,1,1,665,695,853,1
0,4,36,4,0,7855,1,3,4,2,1,2,1,25,2,2,2,3,1,2,1,691,578,981,0
0,4,18,2,3,433,1,1,3,2,2,4,1,22,3,1,1,3,1,1,1,861,730,575,0
0,4,36,3,9,9572,1,2,1,1,1,1,3,28,3,2,2,3,1,1,1,808,216,712,1
0,2,24,1,6,1837,1,4,4,2,1,4,4,34,1,3,1,2,1,1,1,894,127,129,0
0,2,30,4,0,4249,1,1,4,4,1,2,3,28,3,2,2,4,1,1,1,146,502,374,1
0,2,30,4,0,5234,1,1,4,4,1,2,3,28,3,2,2,4,1,1,1,503,794,799,0
0,1,48,2,3,6758,1,3,3,2,1,2,3,31,3,2,1,3,1,2,1,193,73,918,1
0,1,9,2,3,1366,1,2,3,2,1,4,2,22,3,1,1,3,1,1,1,697,541,690,0
0,1,24,1,10,1358,5,5,4,3,1,3,3,40,2,2,1,4,1,2,1,475,562,224,1
0,1,18,2,2,2473,1,1,4,3,1,1,3,25,3,2,1,1,1,1,1,872,726,130,0
0,3,9,0,3,1337,1,2,4,3,1,2,3,34,3,2,2,4,1,2,1,114,357,359,0
0,1,48,2,0,7763,1,5,4,3,1,4,4,42,1,3,1,4,1,1,1,378,635,1000,1
0,2,15,1,0,1264,2,3,2,4,1,2,2,25,3,1,1,3,1,1,1,784,319,820,0
0,2,15,2,0,2631,2,3,2,2,1,4,3,28,3,1,2,3,1,2,1,253,960,529,1
0,2,48,2,0,6560,2,4,3,3,1,2,2,24,3,2,1,3,1,1,1,947,897,930,1
0,1,24,2,0,3123,1,2,4,2,1,1,2,27,3,2,1,3,1,1,1,75,975,636,1
0,1,36,4,6,8065,1,3,3,2,1,2,4,25,3,2,2,4,1,2,1,668,686,964,1
0,1,24,2,3,2439,1,2,4,2,1,4,1,35,3,2,1,3,1,2,1,471,121,42,1
0,2,36,2,2,9034,2,2,4,3,2,1,4,29,3,1,1,4,1,2,1,582,970,705,0
0,2,60,2,0,14027,1,4,4,3,1,2,4,27,3,2,1,4,1,2,1,454,153,896,1
0,1,36,4,1,9629,1,4,4,3,1,4,3,24,3,2,2,3,1,2,1,754,327,168,1
0,2,12,2,3,1484,5,3,2,4,1,1,1,25,3,2,1,3,1,2,1,984,486,703,0
0,1,18,2,2,1131,1,1,4,2,1,2,3,33,3,2,1,3,1,1,1,69,664,199,0
0,2,24,3,2,2064,1,1,3,2,1,2,2,34,3,2,1,4,1,2,1,784,528,594,0
0,2,18,2,1,12976,1,1,3,2,1,4,4,38,3,3,1,4,1,2,1,867,290,568,0
0,4,21,3,9,2580,3,2,4,3,1,2,1,41,1,2,1,2,2,1,1,425,435,750,0
0,4,27,2,0,2570,1,3,3,2,1,3,1,21,3,1,1,3,1,1,1,427,537,563,0
0,2,27,2,9,3915,1,3,4,3,1,2,3,36,3,2,1,3,2,2,1,219,204,763,0
0,4,10,2,0,1309,5,3,4,3,3,4,2,27,3,2,1,2,1,1,1,203,674,311,1
0,1,24,2,0,4817,1,4,2,3,2,3,2,31,3,2,1,3,1,2,1,123,623,933,0
0,1,12,2,0,2579,1,2,4,3,1,1,1,33,3,2,1,2,2,1,1,7,845,859,1
0,2,36,3,0,2225,1,5,4,3,1,4,4,57,1,3,2,3,1,2,1,676,979,579,0
0,1,18,2,2,4153,1,3,2,3,2,3,3,42,3,2,1,3,1,1,1,746,564,438,0
0,1,18,0,2,3114,1,2,1,2,1,4,2,26,3,1,1,3,1,1,1,373,616,374,0
0,1,18,4,2,2124,1,3,4,2,1,4,1,24,3,1,2,3,1,1,1,213,271,82,1
0,1,18,1,2,1553,1,3,4,3,1,3,3,44,1,2,1,3,1,1,1,450,909,936,1
0,1,30,2,2,2406,1,4,4,2,1,4,1,23,3,1,1,3,1,1,1,112,167,754,1
0,1,24,3,0,1333,1,1,4,3,1,2,1,43,3,3,2,3,2,1,1,840,110,746,0
0,1,48,0,2,7119,1,3,3,3,1,4,4,53,3,3,2,3,2,1,1,743,834,579,1
0,1,24,3,0,4870,1,3,3,3,1,4,4,53,3,3,2,3,2,1,1,881,871,555,1
0,1,12,4,0,691,1,5,4,3,1,3,2,35,3,2,2,3,1,1,1,407,467,62,1
0,1,42,3,3,4370,1,4,3,3,1,2,2,26,1,2,2,3,2,2,1,586,357,591,0
0,1,36,1,2,2746,1,5,4,3,1,4,3,31,1,2,1,3,1,1,1,565,367,765,1
0,1,24,0,2,4110,1,5,3,3,1,4,4,23,1,1,2,3,2,1,1,443,763,922,0
0,1,18,2,2,2462,1,3,2,3,1,2,3,22,3,2,1,3,1,1,1,673,61,40,0
0,1,12,2,2,1282,1,3,2,2,1,4,3,20,3,1,1,3,1,1,1,659,460,594,1
0,2,12,0,2,2969,1,2,4,2,1,3,2,25,3,1,2,3,1,1,1,248,67,938,1
0,1,48,0,1,4605,1,5,3,3,1,4,4,24,3,3,2,3,2,1,1,553,357,198,1
0,1,48,4,1,6331,1,5,4,3,1,4,4,46,3,3,2,3,1,2,1,438,989,86,1
0,1,24,1,2,3552,1,4,3,3,1,4,3,27,1,2,1,3,1,1,1,360,816,461,0
0,1,12,1,0,697,1,2,4,3,1,2,3,46,1,2,2,3,1,2,1,228,940,901,0
0,1,24,2,0,1442,1,4,4,2,1,4,3,23,3,1,2,3,1,1,1,444,604,736,0
0,1,27,0,9,5293,1,1,2,3,1,4,2,50,3,2,2,3,1,2,1,857,721,813,1
0,1,21,3,6,3414,1,2,2,3,1,1,2,26,2,2,2,3,1,1,1,8,72,314,0
0,1,18,2,2,2039,1,3,1,2,1,4,1,20,3,1,1,3,1,1,1,291,740,991,1
0,1,24,1,9,3161,1,3,4,3,1,2,2,31,1,1,1,3,1,2,1,733,552,198,1
0,1,12,2,8,902,1,4,4,4,1,4,2,21,3,1,1,3,1,1,1,561,907,765,0
0,1,48,2,1,10297,1,4,4,3,1,4,4,39,3,3,3,3,2,2,1,421,655,212,0
0,2,48,0,9,14421,1,3,2,3,1,2,3,25,2,2,1,3,1,2,1,53,518,479,1
0,2,18,4,0,1056,1,5,3,3,3,3,1,30,3,2,2,3,1,1,1,797,695,516,1
0,1,12,2,0,1274,1,2,3,2,1,1,1,37,1,2,1,2,1,1,1,188,653,818,0
0,2,12,2,0,1223,1,5,1,1,1,1,1,46,3,1,2,3,1,1,1,637,944,689,1
0,1,12,2,0,1372,1,4,2,1,1,3,3,36,3,2,1,3,1,1,1,663,498,894,0
0,1,16,4,0,2625,1,5,2,3,3,4,2,43,3,1,1,3,1,2,2,189,68,80,0
0,1,20,4,0,2235,1,3,4,4,3,2,2,33,1,1,2,3,1,1,2,986,968,420,0
0,2,9,2,2,959,1,3,1,2,1,2,3,29,1,2,1,3,1,1,1,855,953,981,1
0,2,18,4,0,884,1,5,4,3,1,4,3,36,3,2,1,3,2,2,1,69,260,623,0
0,2,24,2,0,1246,1,2,4,3,1,2,1,23,1,2,1,2,1,1,1,715,728,889,1
0,2,36,3,0,8086,2,5,2,3,1,4,3,42,2,2,4,4,1,2,1,986,793,13,0
0,4,48,4,0,10127,3,3,2,3,1,2,4,44,3,3,1,3,1,1,1,887,946,455,0
0,2,12,2,0,888,1,5,4,3,1,4,3,41,1,2,1,2,2,1,1,480,53,219,0
0,4,12,2,6,719,1,5,4,3,1,4,3,41,1,2,1,2,2,1,1,81,73,269,0
0,2,36,2,0,12389,5,3,1,3,1,4,4,37,1,3,1,3,1,2,1,127,714,755,1
0,1,12,2,3,709,1,5,4,3,1,4,1,57,3,2,1,2,1,1,1,685,625,532,0
0,2,15,1,0,6850,2,1,1,3,1,2,2,34,2,2,1,4,2,2,1,930,320,337,0
0,4,10,2,2,2210,1,3,2,3,1,2,1,25,3,1,1,2,1,1,1,641,372,762,0
0,4,30,1,1,7485,5,1,4,2,1,1,1,53,1,2,1,4,1,2,1,727,381,697,1
0,1,18,1,0,1442,1,4,4,3,1,4,4,32,1,3,2,2,2,1,1,369,209,224,0
0,4,12,4,3,797,5,5,4,2,1,3,2,33,3,2,1,2,2,1,1,807,393,815,1
0,2,45,4,3,4746,1,2,4,3,1,2,2,24,1,2,2,2,1,1,1,477,977,967,0
0,3,12,4,0,939,3,4,4,4,1,2,1,28,3,2,3,3,1,2,1,733,831,228,0
0,2,21,2,9,1188,1,5,2,2,1,4,2,39,3,2,1,3,2,1,1,839,475,455,1
0,4,48,4,1,11590,2,3,2,2,1,4,3,24,3,1,2,2,1,1,1,456,673,345,0
0,3,12,1,9,609,1,2,4,2,1,1,1,26,1,2,1,1,1,1,1,197,236,509,0
0,1,18,4,5,1190,1,1,2,2,1,4,4,55,3,3,3,1,2,1,1,462,702,583,1
0,2,21,2,9,2767,2,5,4,1,1,2,3,61,3,1,2,2,1,1,1,520,204,428,0
0,2,30,2,2,3441,2,3,2,2,2,4,3,21,1,1,1,3,1,1,1,866,334,350,0
0,2,30,0,9,4280,2,3,4,2,1,4,3,26,3,1,2,2,1,1,1,212,892,798,1
0,2,24,2,3,3092,2,2,3,4,1,2,3,22,3,1,1,3,1,2,1,55,604,481,1
0,4,18,2,0,6761,5,3,2,3,1,4,3,68,2,1,2,3,1,1,1,288,355,376,0
0,2,12,2,3,1331,1,2,2,3,1,1,3,22,3,2,1,3,1,1,1,866,634,142,1
0,2,54,0,9,15945,1,2,3,3,1,4,4,58,3,1,1,3,1,2,1,227,313,740,1
0,1,24,2,2,3234,1,2,4,2,1,4,1,23,3,1,1,2,1,2,1,725,283,773,1
0,2,15,2,3,802,1,5,4,3,1,3,3,37,3,2,1,3,2,1,1,494,199,897,1
0,2,48,2,2,9960,1,2,1,2,1,2,3,26,1,2,1,3,1,2,1,603,953,119,0
0,4,24,3,9,8648,1,2,2,3,1,2,3,27,1,2,2,3,1,2,1,650,944,222,1
0,1,18,2,3,1345,1,3,4,4,1,3,1,26,3,2,1,3,1,1,1,453,334,646,1
0,1,45,2,3,1845,1,3,4,3,1,4,4,23,3,3,1,3,1,2,1,336,929,987,0
0,1,21,1,0,1647,5,3,4,3,1,2,2,40,1,2,2,2,2,1,1,497,567,842,1
0,4,48,2,9,4844,1,1,3,3,1,2,3,33,3,1,1,4,1,2,1,860,446,107,1
0,2,27,0,9,8318,1,5,2,2,1,4,4,42,2,3,2,4,1,2,1,236,818,220,1
0,3,18,2,3,2100,1,3,4,3,2,2,1,37,3,2,1,3,1,1,1,146,638,403,0
0,1,45,0,9,11816,1,5,2,3,1,4,3,29,3,1,2,3,1,1,1,24,233,260,1
0,1,6,2,6,448,1,2,4,2,1,4,2,23,3,2,1,3,1,1,1,663,717,275,0
0,1,30,2,5,11998,1,2,1,1,1,1,4,34,1,2,1,2,1,2,1,87,742,430,0
0,2,48,0,10,18424,1,3,1,2,1,2,2,32,1,2,1,4,1,2,2,851,74,575,0
0,1,6,2,0,14896,1,5,1,3,1,4,4,68,1,2,1,4,1,2,1,892,232,692,1
0,2,12,2,2,2762,5,5,1,2,1,2,2,25,3,2,1,3,1,2,1,630,182,89,1
0,1,12,2,1,3386,1,5,3,3,1,4,4,35,3,3,1,3,1,2,1,236,61,700,1
0,2,24,2,3,2039,1,2,1,4,1,1,2,22,3,2,1,3,1,2,1,457,839,696,1
0,4,18,3,9,2169,1,3,4,4,1,2,3,28,3,2,1,3,1,2,1,59,391,430,1
0,2,48,4,2,5096,1,3,2,2,1,3,3,30,3,2,1,4,1,2,1,996,651,241,0
0,1,18,2,3,1882,1,3,4,2,1,4,3,25,1,1,2,3,1,1,1,511,36,316,1
0,1,48,2,3,6999,1,4,1,4,3,1,1,34,3,2,2,3,1,2,1,85,211,441,0
0,4,12,4,9,2292,1,1,4,3,1,2,3,42,2,2,2,4,1,2,1,921,340,602,0
0,1,14,2,0,8978,1,5,1,1,1,4,2,45,3,2,1,4,1,2,2,819,758,288,1
0,1,12,2,3,674,2,4,4,4,1,1,2,20,3,2,1,3,1,1,1,727,204,550,1
0,1,18,2,0,976,1,2,1,2,1,2,3,23,3,2,1,2,1,1,1,632,610,610,0
0,2,24,2,0,2718,1,3,3,2,1,4,2,20,3,1,1,2,1,2,1,417,831,825,0
0,1,18,2,6,750,1,1,4,2,1,1,1,27,3,2,1,1,1,1,1,790,405,522,0
0,2,24,2,1,12579,1,5,4,2,1,2,4,44,3,3,1,4,1,2,1,316,61,944,0
0,1,18,2,1,7511,5,5,1,3,1,4,2,51,3,3,1,3,2,2,1,782,318,33,0
0,1,18,4,0,3966,1,5,1,2,1,4,1,33,1,1,3,3,1,2,1,159,749,198,0
0,1,12,0,3,6199,1,3,4,3,1,2,2,28,3,1,2,3,1,2,1,915,887,437,0
0,1,24,2,3,1987,1,3,2,3,1,4,1,21,3,1,1,2,2,1,1,379,581,478,0
0,1,24,2,0,2303,1,5,4,3,2,1,1,45,3,2,1,3,1,1,1,324,904,621,0
0,4,21,4,0,12680,5,5,4,3,1,4,4,30,3,3,1,4,1,2,1,50,974,286,1
0,2,12,2,3,6468,5,1,2,3,1,1,4,52,3,2,1,4,1,2,1,498,75,833,1
0,1,30,2,2,6350,5,5,4,3,1,4,2,31,3,2,1,3,1,1,1,869,355,469,1
